platform,product_id,title,brand,category,current_price,original_price,discount,rating,reviews_count,availability,main_image,product_url,scraped_at
amazon,B0D49ZSBFV,Product B0D49ZSBFV,Ariel Automatic Detergent Powder Touch of Downy 8 KG (packaging may vary),Pet Supplies,EGP 573.32,EGP 646.00,,4.5,(2.1K),In Stock,https://m.media-amazon.com/images/I/71vCkrk1ttL._AC_UL320_.jpg,https://www.amazon.eg/dp/B0D49ZSBFV,2026-05-09T05:55:24.123569
amazon,B09X4FJJJ5,Product B09X4FJJJ5,VGR V-393 Washable Double Sided Double Blade Shaver Set Hybrid,Pet Supplies,EGP 847.00,,,4.1,(279),In Stock,https://m.media-amazon.com/images/I/61OccGxXyDL._AC_UL320_.jpg,https://www.amazon.eg/dp/B09X4FJJJ5,2026-05-09T05:55:24.127253
amazon,B0BF58XZR5,Product B0BF58XZR5,"Pampers Premium EXTRA CARE Taped Diapers, Size 5, 11-25 kg, with Lotion with Aloe Vera, Saving Pack, 68 Baby Diapers",Pet Supplies,EGP 700.39,,,4.5,(4K),In Stock,https://m.media-amazon.com/images/I/814mS8ZIPPL._AC_UL320_.jpg,https://www.amazon.eg/dp/B0BF58XZR5,2026-05-09T05:55:24.131339
amazon,B0D2YX39MB,Product B0D2YX39MB,Amazon.eg eGift Card - (Digital Delivery),Pet Supplies,EGP 1.00,"EGP 2,000.00",,4.5,(267),In Stock,https://m.media-amazon.com/images/I/517hY12cdLL._AC_UL320_.jpg,https://www.amazon.eg/dp/B0D2YX39MB,2026-05-09T05:55:24.134349
amazon,B075CP646D,Product B075CP646D,"Nokia 105 Dual Sim, 4MB 2G Phone, Black",Pet Supplies,EGP 719.00,,,3.2,(9.1K),In Stock,https://m.media-amazon.com/images/I/61lhBBERORL._AC_UL320_.jpg,https://www.amazon.eg/dp/B075CP646D,2026-05-09T05:55:24.139598
amazon,B07XLML2YS,Product B07XLML2YS,"Tapo c200 360-degree smart wi-fi pan and tilt camera, 1080 p - white",Pet Supplies,EGP 898.98,,,4.6,(147.1K),In Stock,https://m.media-amazon.com/images/I/41a5w8F1xGL._AC_UL320_.jpg,https://www.amazon.eg/dp/B07XLML2YS,2026-05-09T05:55:24.143603
amazon,B0BLZNWKP4,Product B0BLZNWKP4,"Pampers Premium EXTRA CARE Pants Case, Size 5, 12-18 Kg, with Lotion with Aloe Vera, 80 diapers (Pack of 2-40 * 2) (pack may vary)",Pet Supplies,EGP 894.61,EGP 974.00,,4.4,(1K),In Stock,https://m.media-amazon.com/images/I/81yf7vYFREL._AC_UL320_.jpg,https://www.amazon.eg/dp/B0BLZNWKP4,2026-05-09T05:55:24.147798
amazon,B0976YW93B,Product B0976YW93B,"Pampers Diapers Pants, Size 6, above16 KG, with Lotion with Olive Oil, 64 Baby Diapers",Pet Supplies,EGP 537.79,EGP 570.00,,4.2,(1.2K),In Stock,https://m.media-amazon.com/images/I/71A1E4fpNML._AC_UL320_.jpg,https://www.amazon.eg/dp/B0976YW93B,2026-05-09T05:55:24.151797
amazon,B0BFFVHZ6Y,Product B0BFFVHZ6Y,"Joyroom JR-QP191 22.5W Power Bank 10000mAh With Large Digital Display Supports PD3.0,QC3.0 - Black|12 Months Warranty",Pet Supplies,EGP 599.00,EGP 799.00,,4.2,(487),In Stock,https://m.media-amazon.com/images/I/71bHZ9v6qVL._AC_UL320_.jpg,https://www.amazon.eg/dp/B0BFFVHZ6Y,2026-05-09T05:55:24.155900
amazon,B0G5PRV5YP,Product B0G5PRV5YP,Finish Powerball Ultimate Plus Dishwasher Detergent - Lemon Fragrance Scent| 45 Tablets x 2,Pet Supplies,EGP 699.99,EGP 731.90,,4.7,(138),In Stock,https://m.media-amazon.com/images/I/61Yi7DNmDPL._AC_UL320_.jpg,https://www.amazon.eg/dp/B0G5PRV5YP,2026-05-09T05:55:24.159629
amazon,B0DHNR3MWD,Product B0DHNR3MWD,"Portable Cordless Oral Irrigator, Water Flosser Rechargeable Dental Cleaning Irrigator, 3 Modes 4 Tips, IPX7 Waterproof Teeth Cleaner Water Flosser Oral Irrigator for Home and Travel",Pet Supplies,EGP 513.00,EGP 790.00,,4.2,(360),In Stock,https://m.media-amazon.com/images/I/71VPGaBfERL._AC_UL320_.jpg,https://www.amazon.eg/dp/B0DHNR3MWD,2026-05-09T05:55:24.163717
amazon,B0976ZF83N,Product B0976ZF83N,"Pampers Baby Dry Pants Diapers, size 5, 12-18 kg, with Lotion with Olive Oil, 70 baby Diapers",Pet Supplies,EGP 585.34,,,4.2,(1.2K),In Stock,https://m.media-amazon.com/images/I/71CjsVEv6hL._AC_UL320_.jpg,https://www.amazon.eg/dp/B0976ZF83N,2026-05-09T05:55:24.166911
amazon,B0CLP9GHJR,Product B0CLP9GHJR,Limitless Alpha Creatine Monohydrate Micronized Powder Scoops60,Pet Supplies,EGP 683.17,,,3.9,(271),In Stock,https://m.media-amazon.com/images/I/71++O3tiXNL._AC_UL320_.jpg,https://www.amazon.eg/dp/B0CLP9GHJR,2026-05-09T05:55:24.170534
amazon,B08F6XLZ4S,Product B08F6XLZ4S,Tide Automatic Detergent Powder Lavender 8KG,Pet Supplies,EGP 596.00,,,4.5,(1.2K),In Stock,https://m.media-amazon.com/images/I/71fkLvfwlrL._AC_UL320_.jpg,https://www.amazon.eg/dp/B08F6XLZ4S,2026-05-09T05:55:24.174595
amazon,B07T2CNPXH,Product B07T2CNPXH,Regaine Men's Hair Regrowth Foam (73ml),Pet Supplies,EGP 800.00,,,4.0,(123),In Stock,https://m.media-amazon.com/images/I/51gpygRGz2L._AC_UL320_.jpg,https://www.amazon.eg/dp/B07T2CNPXH,2026-05-09T05:55:24.177787
amazon,B0GM7ZXZ55,Product B0GM7ZXZ55,Organic nation Berberine-60Serv.-60Caps,Pet Supplies,EGP 695.00,,,4.4,(16),In Stock,https://m.media-amazon.com/images/I/61itxDLjvKL._AC_UL320_.jpg,https://www.amazon.eg/dp/B0GM7ZXZ55,2026-05-09T05:55:24.180480
amazon,B0FPBGYYM5,Product B0FPBGYYM5,Truman - Digital Satellite Receiver Mini HD - TM 9K,Pet Supplies,EGP 540.00,,,4.1,(93),In Stock,https://m.media-amazon.com/images/I/51ex3OWwJkL._AC_UL320_.jpg,https://www.amazon.eg/dp/B0FPBGYYM5,2026-05-09T05:55:24.184061
amazon,B07MXB26DS,Product B07MXB26DS,"Kemei Km-809A Pet Clipper Dog Cat Grooming Kit - Professional Rechargeable Cordless Dog Clippers for Thick Coats, Small, Large Dogs, Quite Pet Grooming Shaver with Scissor",Pet Supplies,EGP 519.95,EGP 595.00,,4.0,(310),In Stock,https://m.media-amazon.com/images/I/61KwhUsOg6L._AC_UL320_.jpg,https://www.amazon.eg/dp/B07MXB26DS,2026-05-09T05:55:24.187758
amazon,B075L6BL61,Product B075L6BL61,Karseell Hair Repair Mask - Deep Conditioning MACA Collagen for Dry Damaged Hair (16.9 fl oz),Pet Supplies,EGP 799.00,,,4.6,(30.7K),In Stock,https://m.media-amazon.com/images/I/51R-VS4++KL._AC_UL320_.jpg,https://www.amazon.eg/dp/B075L6BL61,2026-05-09T05:55:24.190934
amazon,B0DK4Y2YP3,Product B0DK4Y2YP3,celimax Retinal shot tightening Booster for Firm skin 15 ml,Pet Supplies,EGP 699.00,"EGP 1,081.86",,4.4,(12.8K),In Stock,https://m.media-amazon.com/images/I/51utpRckeQL._AC_UL320_.jpg,https://www.amazon.eg/dp/B0DK4Y2YP3,2026-05-09T05:55:24.194666
amazon,B0DXLBNG6K,Product B0DXLBNG6K,"Anker Zolo 1C Wall Charger Type-C 30W Fast Charging, Improved Temperature Control, Small Design and Charge 3X Faster, Compatible with iPhone, iPad, Samsung, Pixel and - Black -18 Months Warranty",Pet Supplies,EGP 582.89,EGP 699.00,,4.6,(613),In Stock,https://m.media-amazon.com/images/I/41E4kEpByfL._AC_UL320_.jpg,https://www.amazon.eg/dp/B0DXLBNG6K,2026-05-09T05:55:24.199218
amazon,B0F4C2L474,Product B0F4C2L474,Clothes Rack with Double Rods 1.10M Metal Clothes Coat Rack Shoes Rack Clothes Rack Multipurpose Clothes Hanger Organizer (Black),Pet Supplies,EGP 625.00,,,4.0,(61),In Stock,https://m.media-amazon.com/images/I/41eXBZhttmL._AC_UL320_.jpg,https://www.amazon.eg/dp/B0F4C2L474,2026-05-09T05:55:24.202774
amazon,B00AHXXJVW,Product B00AHXXJVW,TP-Link 300MBPS TL-WA850RE Wi-Fi Range Extender - White,Pet Supplies,EGP 725.00,,,4.5,(32.6K),In Stock,https://m.media-amazon.com/images/I/61eCzGg4AXL._AC_UL320_.jpg,https://www.amazon.eg/dp/B00AHXXJVW,2026-05-09T05:55:24.206407
amazon,B08YDR6TJ1,Product B08YDR6TJ1,"NAN Optipro Stage 3 (1 - 3 years), 800g",Pet Supplies,EGP 633.99,,,4.6,(293),In Stock,https://m.media-amazon.com/images/I/71n6VyIvDfL._AC_UL320_.jpg,https://www.amazon.eg/dp/B08YDR6TJ1,2026-05-09T05:55:24.209615
amazon,B0F7FVY8FS,Product B0F7FVY8FS,Oraimo SpaceBuds Neo OTW-323 Premium Wireless Earbuds Immersive Audio Headphones with Dynamic Deep Bass Ergonomic Speed Black Earbuds for Active Lifestyles,Pet Supplies,EGP 599.00,,,4.0,(290),In Stock,https://m.media-amazon.com/images/I/51NWfzTYFyL._AC_UL320_.jpg,https://www.amazon.eg/dp/B0F7FVY8FS,2026-05-09T05:55:24.214702
amazon,B08WJMG1D5,Product B08WJMG1D5,"Pampers Premium EXTRA CARE Taped Diapers Case, Size 3, 6-10 kg, with Lotion with Aloe Vera, Pack of 2 (84 * 2)",Pet Supplies,EGP 979.98,"EGP 1,263.00",,4.5,(4K),In Stock,https://m.media-amazon.com/images/I/71EAWIlULXL._AC_UL320_.jpg,https://www.amazon.eg/dp/B08WJMG1D5,2026-05-09T05:55:24.219266
amazon,B0DFYZN9V3,Product B0DFYZN9V3,"VGR V-360 Digital Display Cordless Dual Sided OneBlade Trimmer & Shaver 0.5-9mm Adjustable Comb for complete Beard Styling & Body Hair Trimming 90 mins Runtime Fully Washable IPX5 Waterproof, Green",Pet Supplies,EGP 699.00,,,3.8,(77),In Stock,https://m.media-amazon.com/images/I/51f18tq0RvL._AC_UL320_.jpg,https://www.amazon.eg/dp/B0DFYZN9V3,2026-05-09T05:55:24.222367
amazon,B09CDPFFZ1,Product B09CDPFFZ1,Tank PRO Cartridge - 6 Purification Compressed Functions with BACTBAN Technology,Pet Supplies,EGP 599.00,EGP 689.00,,4.4,(587),In Stock,https://m.media-amazon.com/images/I/51RAYaUR2DL._AC_UL320_.jpg,https://www.amazon.eg/dp/B09CDPFFZ1,2026-05-09T05:55:24.226452
amazon,B0BVZYZYX5,Product B0BVZYZYX5,Fairy automatic dishwasher platinum plus 50 capsules,Pet Supplies,EGP 536.99,EGP 625.00,,4.6,(4.1K),In Stock,https://m.media-amazon.com/images/I/71IonAg5J6L._AC_UL320_.jpg,https://www.amazon.eg/dp/B0BVZYZYX5,2026-05-09T05:55:24.230646
amazon,B0B133Y7TK,Product B0B133Y7TK,Finish Dishwasher Detergent Rinse Aid Liquid - Original Scent| 400ml x 2 | (30% off),Pet Supplies,EGP 601.87,,,4.6,(244),In Stock,https://m.media-amazon.com/images/I/61vQTbRkBxL._AC_UL320_.jpg,https://www.amazon.eg/dp/B0B133Y7TK,2026-05-09T05:55:24.233903
amazon,B0D6R8Z4K1,Product B0D6R8Z4K1,SkyLine Stand Fan 18`` JET 6 Blades - مروحة سكاي لاين ستاند 18 بوصة جيت,Pet Supplies,EGP 999.00,"EGP 1,120.00",,3.3,(331),In Stock,https://m.media-amazon.com/images/I/51VTnq9rciL._AC_UL320_.jpg,https://www.amazon.eg/dp/B0D6R8Z4K1,2026-05-09T05:55:24.238068
amazon,B09SF4H5NC,Product B09SF4H5NC,Melitta Grand Aroma 500g,Pet Supplies,EGP 500.00,,,4.3,(81),In Stock,https://m.media-amazon.com/images/I/61xEVDJfUSL._AC_UL320_.jpg,https://www.amazon.eg/dp/B09SF4H5NC,2026-05-09T05:55:24.241257
amazon,B0BM6J9ZP4,Product B0BM6J9ZP4,VGR V-962 Professional Pro Self Haircut Hair Clipper Beard trimmer Digital Display Blades USB Charging cable 4 Guide Combs for men 0mm Bald Head Clipper Runtime 200 mins 1200 mAh Li-ion Battery,Pet Supplies,EGP 517.62,,,4.4,(2.8K),In Stock,https://m.media-amazon.com/images/I/71qCR40EXHL._AC_UL320_.jpg,https://www.amazon.eg/dp/B0BM6J9ZP4,2026-05-09T05:55:24.244443
amazon,B0FMR7H8FT,Product B0FMR7H8FT,"Oraimo OSW-807 Watch 6 Smartwatch with AI-Generated Watch Faces, Health Monitoring, and Long Battery Life - Black",Pet Supplies,EGP 999.00,"EGP 1,100.00",,4.1,(121),In Stock,https://m.media-amazon.com/images/I/51lLKmHAnkL._AC_UL320_.jpg,https://www.amazon.eg/dp/B0FMR7H8FT,2026-05-09T05:55:24.249000
amazon,B0GVBCV87V,Product B0GVBCV87V,Wide Leg Barrel Jeans,Pet Supplies,EGP 750.00,,,3.9,(210),In Stock,https://m.media-amazon.com/images/I/61S+lT1wNmL._AC_UL320_.jpg,https://www.amazon.eg/dp/B0GVBCV87V,2026-05-09T05:55:24.253644
amazon,B077N513Z1,Product B077N513Z1,Maybelline New York Superstay Matte Ink Liquid Lipstick - 65 Seductress,Pet Supplies,EGP 510.48,EGP 685.00,,4.4,(33.1K),In Stock,https://m.media-amazon.com/images/I/51X8cvkamAL._AC_UL320_.jpg,https://www.amazon.eg/dp/B077N513Z1,2026-05-09T05:55:24.258032
amazon,B095PWZ1V5,Product B095PWZ1V5,Dettol Antiseptic Antibacterial Disinfectant Liquid -| 950ML x 2| 40% OFF,Pet Supplies,EGP 714.97,,,4.7,(428),In Stock,https://m.media-amazon.com/images/I/81ANNBwq3DL._AC_UL320_.jpg,https://www.amazon.eg/dp/B095PWZ1V5,2026-05-09T05:55:24.262153
amazon,B0CRDNJ29B,Product B0CRDNJ29B,"YASHE Fast Popcorn Machine With Hot Air,1200W Popcorn Popper Machine,Popcorn Machine,2 Min Fast Bang,One Button Operation,Red",Pet Supplies,EGP 570.00,EGP 923.00,,3.9,(507),In Stock,https://m.media-amazon.com/images/I/71A+ZjuoJdL._AC_UL320_.jpg,https://www.amazon.eg/dp/B0CRDNJ29B,2026-05-09T05:55:24.266692
amazon,B07B6ML1VJ,Product B07B6ML1VJ,SKMEI Men's Digital Sports Wrist Watch LED Screen Large Face Electronics Military Watches Waterproof Alarm Stopwatch Back Light Outdoor Casual Black Watch - 1257,Pet Supplies,EGP 548.93,,,4.0,(3K),In Stock,https://m.media-amazon.com/images/I/61gGqJiyYiL._AC_UL320_.jpg,https://www.amazon.eg/dp/B07B6ML1VJ,2026-05-09T05:55:24.270058
amazon,B000LAKYW8,Product B000LAKYW8,"Casio Collection Unisex Adults Watch A168WA, Silver, Bracelet",Pet Supplies,EGP 588.24,,,2.8,(31K),In Stock,https://m.media-amazon.com/images/I/613BThUhjoL._AC_UL320_.jpg,https://www.amazon.eg/dp/B000LAKYW8,2026-05-09T05:55:24.273660
amazon,B009PEDGJ4,Product B009PEDGJ4,L’Oréal Professionnel TECNI ART WEB SCULPTING PASTE 150ml,Pet Supplies,EGP 667.00,,,4.5,(1.6K),In Stock,https://m.media-amazon.com/images/I/61Z4SXPkyBL._AC_UL320_.jpg,https://www.amazon.eg/dp/B009PEDGJ4,2026-05-09T05:55:24.276842
amazon,B08ZSJZ8M8,Product B08ZSJZ8M8,Nestle NAN Optipro Stage 2 Follow Up Formula From 6 to 12 Months 800g,Pet Supplies,EGP 665.00,,,4.5,(231),In Stock,https://m.media-amazon.com/images/I/71ZVrg62ZdL._AC_UL320_.jpg,https://www.amazon.eg/dp/B08ZSJZ8M8,2026-05-09T05:55:24.279985
amazon,B09KM1MC9L,Product B09KM1MC9L,Finish Lemon Dishwasher Detergent Powder - Lemon Sparkle Scent | 2KG + 1KG Free,Pet Supplies,EGP 769.95,EGP 809.24,,4.6,(4.6K),In Stock,https://m.media-amazon.com/images/I/81OMw4FUTeL._AC_UL320_.jpg,https://www.amazon.eg/dp/B09KM1MC9L,2026-05-09T05:55:24.284174
amazon,B06XYLG4KB,Product B06XYLG4KB,"Gillette Venus ComfortGlide Breeze Blades Refills 3 Bladed, 4 Count",Pet Supplies,EGP 535.50,,,4.6,(1.5K),In Stock,https://m.media-amazon.com/images/I/71Ugh4yb5LL._AC_UL320_.jpg,https://www.amazon.eg/dp/B06XYLG4KB,2026-05-09T05:55:24.287729
amazon,B013YBAA60,Product B013YBAA60,Gillette Fusion5 Power Blade Refills – Pack of 4,Pet Supplies,EGP 704.40,EGP 805.00,,4.6,(4.7K),In Stock,https://m.media-amazon.com/images/I/61ItYU5dm2L._AC_UL320_.jpg,https://www.amazon.eg/dp/B013YBAA60,2026-05-09T05:55:24.292370
amazon,B0BJQ38GC3,Product B0BJQ38GC3,Joyroom JR-QP192 Power Bank 20000mAh 22.5W – Black LCD Display | 2 Inputs & 3 Outputs | Charge 3 Devices USB-C Fast Charging Portable Charger | 12 Months Warranty,Pet Supplies,EGP 959.00,"EGP 1,140.00",,4.1,(163),In Stock,https://m.media-amazon.com/images/I/51AXWp4B60L._AC_UL320_.jpg,https://www.amazon.eg/dp/B0BJQ38GC3,2026-05-09T05:55:24.295969
amazon,B0BSR22WY1,Product B0BSR22WY1,"KEMEI Professional Body Hair Trimmer for Men & Women, KM-3208 with LED Light, USB Fast Charging & Ceramic Blade Heads, Waterproof Wet/Dry, Suitable For Body Private Part Shaving,And Pubic Hair.",Pet Supplies,EGP 840.00,EGP 950.00,,3.9,(116),In Stock,https://m.media-amazon.com/images/I/51r96youpwL._AC_UL320_.jpg,https://www.amazon.eg/dp/B0BSR22WY1,2026-05-09T05:55:24.299650
amazon,B07DWDXW2N,Product B07DWDXW2N,"Miro Milk Powder Full Cream Aluminum bags, 1500 gm",Pet Supplies,EGP 586.45,,,4.5,(1.7K),In Stock,https://m.media-amazon.com/images/I/6126u6wT1aL._AC_UL320_.jpg,https://www.amazon.eg/dp/B07DWDXW2N,2026-05-09T05:55:24.302835
amazon,B09T3SYPSX,Product B09T3SYPSX,"Tefal VG4130EE Silence Force, Stand Fan, Silence Technology, Remote Control, 8 Hours Timer, 6 Blades, Adjustable Height, Black",Pet Supplies,"EGP 2,499.00","EGP 3,099.00",,4.2,(1.2K),In Stock,https://m.media-amazon.com/images/I/61uW6za+ckL._AC_UL320_.jpg,https://www.amazon.eg/dp/B09T3SYPSX,2026-05-09T05:59:02.694241
amazon,B0DWT49H2Z,Product B0DWT49H2Z,"Ariston Electric Water Heater, 50 Liters,White - RUBIS PRO 50 V EG",Pet Supplies,"EGP 3,619.20","EGP 4,903.00",,3.9,(58),In Stock,https://m.media-amazon.com/images/I/31nSBYcKeNL._AC_UL320_.jpg,https://www.amazon.eg/dp/B0DWT49H2Z,2026-05-09T05:59:02.698364
amazon,B002DYIZEE,Product B002DYIZEE,Optimum Nutrition Micronized Creatine Powder - Unflavored - 300.00 G / 300.00 lb,Pet Supplies,"EGP 2,212.98",,,4.4,(21.2K),In Stock,https://m.media-amazon.com/images/I/712VrHndy5L._AC_UL320_.jpg,https://www.amazon.eg/dp/B002DYIZEE,2026-05-09T05:59:02.702079
amazon,B0FPG26Y43,Product B0FPG26Y43,"Samsung Galaxy Buds3 FE, Wireless Earbuds, Blade Design, Balanced Sound, 360 Audio, Active Noise Cancelling and Clear Call, Black - 1 Year Warranty/Local Version",Pet Supplies,"EGP 4,379.86",,,4.2,(9),In Stock,https://m.media-amazon.com/images/I/51pR5NLbXTL._AC_UL320_.jpg,https://www.amazon.eg/dp/B0FPG26Y43,2026-05-09T05:59:02.705575
amazon,B0DG5LSJ3X,Product B0DG5LSJ3X,"Mini Portable Projector 4K 1080P Full HD Support Android 11 & Netflix - WiFi 6, BT 5.0, 180° Rotation, Small Home Theater Projector with Auto Keystone Correction",Pet Supplies,"EGP 2,099.00","EGP 4,701.60",,3.5,(2K),In Stock,https://m.media-amazon.com/images/I/71U0ezDt70L._AC_UL320_.jpg,https://www.amazon.eg/dp/B0DG5LSJ3X,2026-05-09T05:59:02.710060
amazon,B07C2C2QPD,Product B07C2C2QPD,Bravecto for Ticks And Fleas 1000mg 20kg-40kg (1 Chew),Pet Supplies,"EGP 2,150.00",,,4.5,(47),In Stock,https://m.media-amazon.com/images/I/61WOWxTAbzL._AC_UL320_.jpg,https://www.amazon.eg/dp/B07C2C2QPD,2026-05-09T05:59:02.713112
amazon,B0F3JWFL56,Product B0F3JWFL56,"XIAOMI TV Box S 3rd Gen EU – 4K UHD Streaming Media Player, Dolby Atmos & DTS:X, Wi-Fi, HDMI & Micro USB, Chromecast, Netflix/Disney+/Prime Video Support, Remote Control, Black",Pet Supplies,"EGP 2,975.00","EGP 3,545.00",,3.9,(3.4K),In Stock,https://m.media-amazon.com/images/I/519hH6oU4OL._AC_UL320_.jpg,https://www.amazon.eg/dp/B0F3JWFL56,2026-05-09T05:59:02.717474
amazon,B0C2877GJS,Product B0C2877GJS,Philips OneBlade Face + Body QP2824/10,Pet Supplies,"EGP 2,289.41",,,4.6,(7K),In Stock,https://m.media-amazon.com/images/I/61E6HI7zmpL._AC_UL320_.jpg,https://www.amazon.eg/dp/B0C2877GJS,2026-05-09T05:59:02.721079
amazon,B0GPW8TSPR,Product B0GPW8TSPR,"PRIME TECH Water dispenser PT-33 Free Standing Hot and Cold, 2 Taps, White",Pet Supplies,"EGP 3,699.00",,,4.5,(6),In Stock,https://m.media-amazon.com/images/I/51g0qf-ZOqL._AC_UL320_.jpg,https://www.amazon.eg/dp/B0GPW8TSPR,2026-05-09T05:59:02.724211
amazon,B00GRRIZK2,Product B00GRRIZK2,Casio Men's Dial Stainless Steel Band Watch - MTP-1374D-1AVDF,Pet Supplies,"EGP 3,809.00",,,4.2,(3.5K),In Stock,https://m.media-amazon.com/images/I/71RTUpJR5mL._AC_UL320_.jpg,https://www.amazon.eg/dp/B00GRRIZK2,2026-05-09T05:59:02.727444
amazon,B0B12MZ2VD,Product B0B12MZ2VD,Fresh Electric Water Heater Relax 30 Liters,Pet Supplies,"EGP 2,580.00","EGP 2,680.00",,4.5,(157),In Stock,https://m.media-amazon.com/images/I/511TQnwtnzL._AC_UL320_.jpg,https://www.amazon.eg/dp/B0B12MZ2VD,2026-05-09T05:59:02.731475
amazon,B0932QJ2JZ,Product B0932QJ2JZ,"Apple AirTag, Pack of 4",Pet Supplies,"EGP 4,799.95","EGP 4,989.00",,4.7,(143.7K),In Stock,https://m.media-amazon.com/images/I/71gY9E+cTaS._AC_UL320_.jpg,https://www.amazon.eg/dp/B0932QJ2JZ,2026-05-09T05:59:02.736021
amazon,B077PZLGVB,Product B077PZLGVB,TP-Link AC1200 Archer VR300 Wireless VDSL and ADSL Modem Router - Black,Pet Supplies,"EGP 2,093.00",,,4.4,(2.6K),In Stock,https://m.media-amazon.com/images/I/41PDFEJtC3L._AC_UL320_.jpg,https://www.amazon.eg/dp/B077PZLGVB,2026-05-09T05:59:02.740075
amazon,B0DG5Z75F8,Product B0DG5Z75F8,"Xiaomi Redmi Watch 5 Lite Black features a 1.96"" AMOLED display, built-in GPS, Bluetooth calling, advanced health & workout tracking, and 18-day battery life | 1-year manufacturer warranty.",Pet Supplies,"EGP 2,491.23","EGP 3,192.00",,4.4,(7.6K),In Stock,https://m.media-amazon.com/images/I/71qq-p26D4L._AC_UL320_.jpg,https://www.amazon.eg/dp/B0DG5Z75F8,2026-05-09T05:59:02.744249
amazon,B0DHQP69ZH,Product B0DHQP69ZH,"Tank Pro Water Filter with Digital Timer and 6 Compact Filtration Functions, Black",Pet Supplies,"EGP 2,000.00",,,4.2,(109),In Stock,https://m.media-amazon.com/images/I/41xrM5GGBQL._AC_UL320_.jpg,https://www.amazon.eg/dp/B0DHQP69ZH,2026-05-09T05:59:02.747476
amazon,B0F7GG7RK5,Product B0F7GG7RK5,TOTAL Cordless pressure washer 24 bar 20V with 1 battery and charger TPWLI20362,Pet Supplies,"EGP 2,157.04",,,4.3,(64),In Stock,https://m.media-amazon.com/images/I/41I1yLU3xyL._AC_UL320_.jpg,https://www.amazon.eg/dp/B0F7GG7RK5,2026-05-09T05:59:02.751090
amazon,B0G66HS57R,Product B0G66HS57R,adidas MEN RESPONSE PACE M SHOES,Pet Supplies,"EGP 4,118.03",,,,EGP 4118.03EGP4118.03,In Stock,https://m.media-amazon.com/images/I/71y6AQBAcbL._AC_UL320_.jpg,https://www.amazon.eg/dp/B0G66HS57R,2026-05-09T05:59:02.753784
amazon,B0DHZS12KT,Product B0DHZS12KT,adidas mens BREAKNET 3.0 SHOES,Pet Supplies,"EGP 3,460.00",,,4.4,(990),In Stock,https://m.media-amazon.com/images/I/614l27rFBGL._AC_UL320_.jpg,https://www.amazon.eg/dp/B0DHZS12KT,2026-05-09T05:59:02.758689
amazon,B0DFDQ2D98,Product B0DFDQ2D98,JACK & JONES Mens JPRBLABRODY TEE SS CREW NECK 5PK MP NOOS Modern (pack of 5),Pet Supplies,"EGP 4,126.59",,,3.3,(4),In Stock,https://m.media-amazon.com/images/I/61HEM19ux0L._AC_UL320_.jpg,https://www.amazon.eg/dp/B0DFDQ2D98,2026-05-09T05:59:02.763553
amazon,B0CP7QXWPN,Product B0CP7QXWPN,"Hollyland Lark M2 Wireless Lavalier Microphone for iPhone/Android/Camera/PC/Laptop with Lightning/USB-C/Plug, 48KHz 24Bit, 1000ft Range, Noise Cancellation, 30H Battery for Video Recording, Streaming",Pet Supplies,"EGP 4,999.00",,,4.7,(6.8K),In Stock,https://m.media-amazon.com/images/I/61vXwLemjJL._AC_UL320_.jpg,https://www.amazon.eg/dp/B0CP7QXWPN,2026-05-09T05:59:02.767082
amazon,B09T3STY44,Product B09T3STY44,"Tefal VG4135EE Silence Force, Stand Fan, Anti-Mosquito, Silence Technology, Remote Control, Timer, 6 Blades, Adjustable Height, Black",Pet Supplies,"EGP 2,899.00","EGP 3,299.00",,4.4,(594),In Stock,https://m.media-amazon.com/images/I/61--lEtrvdL._AC_UL320_.jpg,https://www.amazon.eg/dp/B09T3STY44,2026-05-09T05:59:02.770650
amazon,B0101S54GU,Product B0101S54GU,"TORNADO Gas Water Heater 6 Liter without Chimney, Digital, Natural Gas, White GHE-MP6SN-W",Pet Supplies,"EGP 4,729.00",,,4.1,(15),In Stock,https://m.media-amazon.com/images/I/31TqmAGyIeL._AC_UL320_.jpg,https://www.amazon.eg/dp/B0101S54GU,2026-05-09T05:59:02.774263
amazon,B09NC4SSSQ,Product B09NC4SSSQ,"TP-Link Archer AX53 AX3000Mbps WiFi 6 Router, Gigabit VPN, Internet Booster, Ultra-Low Latency, EasyMesh, WPA3, Ideal for Gaming, Compatible With Alexa",Pet Supplies,"EGP 3,817.00",,,4.6,(3K),In Stock,https://m.media-amazon.com/images/I/41Vb0tesqwL._AC_UL320_.jpg,https://www.amazon.eg/dp/B09NC4SSSQ,2026-05-09T05:59:02.777393
amazon,B0B51CWCN7,Product B0B51CWCN7,Oral-B Charging/Electric Toothbrush Vitality Pro Black Protection and Cleaning,Pet Supplies,"EGP 2,519.00",,,4.6,(2.8K),In Stock,https://m.media-amazon.com/images/I/61bjKgWTfoL._AC_UL320_.jpg,https://www.amazon.eg/dp/B0B51CWCN7,2026-05-09T05:59:02.780526
amazon,B01KZO8Y2Q,Product B01KZO8Y2Q,Fresh Shabah Stand Fan 20 INCH,Pet Supplies,"EGP 2,259.00","EGP 2,472.00",,4.3,(743),In Stock,https://m.media-amazon.com/images/I/61EHFbwsi4L._AC_UL320_.jpg,https://www.amazon.eg/dp/B01KZO8Y2Q,2026-05-09T05:59:02.785817
amazon,B08X65T4CR,Product B08X65T4CR,"Skyline 32 Inch HD Standard LED TV, Black - 32-22A",Pet Supplies,"EGP 4,444.00",,,3.7,(264),In Stock,https://m.media-amazon.com/images/I/71fVJHF88TL._AC_UL320_.jpg,https://www.amazon.eg/dp/B08X65T4CR,2026-05-09T05:59:02.789902
amazon,B0BX98RT13,Product B0BX98RT13,American Tourister Twist wave luggage,Pet Supplies,"EGP 4,585.00",,,4.4,(132),In Stock,https://m.media-amazon.com/images/I/51fazNE3UOL._AC_UL320_.jpg,https://www.amazon.eg/dp/B0BX98RT13,2026-05-09T05:59:02.795244
amazon,1544507852,Product 1544507852,Can't Hurt Me: Master Your Mind and Defy the Odds - Clean Edition,Pet Supplies,"EGP 2,028.87","EGP 2,131.54",,4.8,(6.1K),In Stock,https://m.media-amazon.com/images/I/61CNpUKPTkL._AC_UL320_.jpg,https://www.amazon.eg/dp/1544507852,2026-05-09T05:59:02.799206
amazon,B0DQJJPNQY,Product B0DQJJPNQY,"G-Tab T8S Kids 5G WiFi 4GB RAM 64GB ROM 8-inch IPS LCD 800x1280 Android 14 Tablet, Gray/Blue",Pet Supplies,"EGP 4,200.00",,,4.4,(10),In Stock,https://m.media-amazon.com/images/I/61M4cpaHpdL._AC_UL320_.jpg,https://www.amazon.eg/dp/B0DQJJPNQY,2026-05-09T05:59:02.802127
amazon,B01KXFCSCE,Product B01KXFCSCE,Fresh Air Cooler Smart 72 Litres - FA-M60W,Pet Supplies,"EGP 4,742.83",,,3.9,(362),In Stock,https://m.media-amazon.com/images/I/61UnrsttjnL._AC_UL320_.jpg,https://www.amazon.eg/dp/B01KXFCSCE,2026-05-09T05:59:02.805627
amazon,B0GW95LV15,Product B0GW95LV15,American tourister SKYTRAC 55 CM Steel Gray,Pet Supplies,"EGP 2,750.00",,,,EGP 2750.00EGP2750.00,In Stock,https://m.media-amazon.com/images/I/31TipoWk0+L._AC_UL320_.jpg,https://www.amazon.eg/dp/B0GW95LV15,2026-05-09T05:59:02.808306
amazon,B0DFHFM1X9,Product B0DFHFM1X9,"Redmi Watch 5 Active Smartwatch, 2.0 Inch LCD Display, 18 Day Battery, 140+ Sports Modes, Heart Rate and SPO₂ Tracking, 5ATM Waterproof, Calls, Fitness Tracker, Silver|1 year manufacturer warranty",Pet Supplies,"EGP 2,298.98",,,4.4,(9.4K),In Stock,https://m.media-amazon.com/images/I/61su9fqRFUL._AC_UL320_.jpg,https://www.amazon.eg/dp/B0DFHFM1X9,2026-05-09T05:59:02.811872
amazon,B0859M1KX7,Product B0859M1KX7,"TP-Link Archer VR2100 AC2100 MU-MIMO VDSL/ADSL Modem Router, 350Mbps Wireless Dual-Band MU-MIMO Fiber/VDSL/ADSL Modem",Pet Supplies,"EGP 4,842.72",,,4.6,(523),In Stock,https://m.media-amazon.com/images/I/513NhE-gDlL._AC_UL320_.jpg,https://www.amazon.eg/dp/B0859M1KX7,2026-05-09T05:59:02.815748
amazon,B0CZ44P8VF,Product B0CZ44P8VF,Alpha Whey Protein Concentrate - Vanilla 2 KG - 60 Servings,Pet Supplies,"EGP 2,848.31",,,4.8,(7),In Stock,https://m.media-amazon.com/images/I/810mucr9pRL._AC_UL320_.jpg,https://www.amazon.eg/dp/B0CZ44P8VF,2026-05-09T05:59:02.818884
amazon,B0DPXRMRWK,Product B0DPXRMRWK,"XIAOMI Redmi Buds 6 Pro Wireless Earbuds – Lavender Purple, Triple Driver, 55dB ANC, Hi-Res Audio, 37H Battery Life, 3D Audio, USB-C Fast Charging",Pet Supplies,"EGP 4,089.95","EGP 6,040.86",,4.4,(2.7K),In Stock,https://m.media-amazon.com/images/I/51Mbm0m7VlL._AC_UL320_.jpg,https://www.amazon.eg/dp/B0DPXRMRWK,2026-05-09T05:59:02.824548
amazon,B0FM6J56CF,Product B0FM6J56CF,Fresh Shabah Silent 18-inch Stand Fan with Multiple Speeds,Pet Supplies,"EGP 2,049.00",,,3.5,(7),In Stock,https://m.media-amazon.com/images/I/518b+ZOEnGL._AC_UL320_.jpg,https://www.amazon.eg/dp/B0FM6J56CF,2026-05-09T05:59:02.828883
amazon,B002OHDBQC,Product B002OHDBQC,De'Longhi kg79 coffee grinder ( international warranty ),Pet Supplies,"EGP 2,497.00",,,4.2,(8.6K),In Stock,https://m.media-amazon.com/images/I/71ZEzseTFbL._AC_UL320_.jpg,https://www.amazon.eg/dp/B002OHDBQC,2026-05-09T05:59:02.832092
amazon,B01KVAXF6O,Product B01KVAXF6O,Fresh Electric Water Heater Venus 50 Litre,Pet Supplies,"EGP 3,199.00",,,4.2,(277),In Stock,https://m.media-amazon.com/images/I/517G52WKdmL._AC_UL320_.jpg,https://www.amazon.eg/dp/B01KVAXF6O,2026-05-09T05:59:02.835225
amazon,B0DCBTWXLM,Product B0DCBTWXLM,"soundcore Liberty 4 Pro by Anker, Noise Cancelling Wireless Earbuds, 7-Sensor and Real-Time Adaptive Noise Cancelling, 2× Faster Charging, Studio-Level Hi-Fi Music, Clear Calls with 6 Mics and AI",Pet Supplies,"EGP 4,399.99",,,4.1,(4K),In Stock,https://m.media-amazon.com/images/I/51EBquSzXNL._AC_UL320_.jpg,https://www.amazon.eg/dp/B0DCBTWXLM,2026-05-09T05:59:02.840131
amazon,B0BS74M665,Product B0BS74M665,Sony WH-CH720N Noise Cancelling Wireless Headphones : Bluetooth Over The Ear Headset With Mic For Phone-Call-White,Pet Supplies,"EGP 4,886.55","EGP 6,800.00",,4.4,(16.8K),In Stock,https://m.media-amazon.com/images/I/41tp0JPPlmL._AC_UL320_.jpg,https://www.amazon.eg/dp/B0BS74M665,2026-05-09T05:59:02.845603
amazon,B07S372LTP,Product B07S372LTP,Levi's Mens Men's 501® Original Jeans Jeans (pack of 1),Pet Supplies,"EGP 3,880.00","EGP 4,596.56",,3.0,(1),In Stock,https://m.media-amazon.com/images/I/81Fun8S0AFL._AC_UL320_.jpg,https://www.amazon.eg/dp/B07S372LTP,2026-05-09T05:59:02.851513
amazon,B0FHK7Z6XT,Product B0FHK7Z6XT,"Infinix XWatch N4 pro (XW4E)- Obsidian Black,1.43"" Amoled HD screen, IP68 Waterproof, Up to12 days usage time, V5.3,Heart rate,SPO2,300mAh battery, Wireless Charging, supports call,12 Month Warranty.",Pet Supplies,"EGP 2,500.00","EGP 2,850.00",,4.2,(3),In Stock,https://m.media-amazon.com/images/I/81MKe2-mDZL._AC_UL320_.jpg,https://www.amazon.eg/dp/B0FHK7Z6XT,2026-05-09T05:59:02.855100
amazon,B0DM8MWBK1,Product B0DM8MWBK1,PRIME DABEL MINI ELITE 5 DOOR BEIGE,Pet Supplies,"EGP 2,023.00",,,4.3,(188),In Stock,https://m.media-amazon.com/images/I/71M32kcPI4L._AC_UL320_.jpg,https://www.amazon.eg/dp/B0DM8MWBK1,2026-05-09T05:59:02.858891
amazon,B0B6894XGM,Product B0B6894XGM,"Xiaomi Mi TV Stick 4K Ultra HD Streaming Device, Android TV 11 with Google Assistant Voice Remote Control Streaming Media Player, Chromecast Built-in, 2GB 8GB HDR/AV1/2.4G/5G WiFi/BT 5.2, 2022 Latest",Pet Supplies,"EGP 2,555.00",,,3.7,(884),In Stock,https://m.media-amazon.com/images/I/61bPL3YfoTL._AC_UL320_.jpg,https://www.amazon.eg/dp/B0B6894XGM,2026-05-09T05:59:02.862472
amazon,B0D1J3JVX9,Product B0D1J3JVX9,"Xiaomi Gaming Monitor A24i 24 Inch IPS, 100Hz, 6ms, ∆Е<2, 7.5mm, 100Hz, 1920 x 1080 IPS 178 DP 1.4 supported, Wall Mount Computer Screen Monitor Desktop Monitors |1 year manufacturer warranty",Pet Supplies,"EGP 4,999.00",,,4.3,(105),In Stock,https://m.media-amazon.com/images/I/71pU4KwLiSL._AC_UL320_.jpg,https://www.amazon.eg/dp/B0D1J3JVX9,2026-05-09T05:59:02.866883
amazon,B0DH2ZRQ5F,Product B0DH2ZRQ5F,Cardoo Scale Pro – AI-Powered Digital Scale with 28 Body Parameters – Advanced Health Insights – Multi-User Management – Historical Data Graphs and Detailed Analysis– Smart Notifications – Gold,Pet Supplies,"EGP 3,499.00","EGP 3,999.00",,4.3,(84),In Stock,https://m.media-amazon.com/images/I/91eATjZkOjL._AC_UL320_.jpg,https://www.amazon.eg/dp/B0DH2ZRQ5F,2026-05-09T05:59:02.871346
amazon,B0DCHLWG79,Product B0DCHLWG79,البداية والنهاية 7مجلدات شمواه,Pet Supplies,"EGP 2,700.00",,,5.0,(1),In Stock,https://m.media-amazon.com/images/I/71IngjRKENL._AC_UL320_.jpg,https://www.amazon.eg/dp/B0DCHLWG79,2026-05-09T05:59:02.874657
amazon,B08XS3D591,Product B08XS3D591,"Fresh stand electric fan shabah 18 inch with remote, FSF18",Pet Supplies,"EGP 2,186.00","EGP 2,298.00",,4.3,(657),In Stock,https://m.media-amazon.com/images/I/61dlI1WCBsL._AC_UL320_.jpg,https://www.amazon.eg/dp/B08XS3D591,2026-05-09T05:59:02.878299
amazon,B0CVW9DPCB,Product B0CVW9DPCB,"JUHAYNA Carton Full Cream Milk Multipack 1 L Ultra Edge - 6 Pack, Save 10 LE",Grocery,EGP 274.95,,,4.6,(2.5K),In Stock,https://m.media-amazon.com/images/I/712t3O9xoaL._AC_UL320_.jpg,https://www.amazon.eg/dp/B0CVW9DPCB,2026-05-09T05:52:46.975165
amazon,B07DWF8YRJ,Product B07DWF8YRJ,Lamar full fat milk - 1 liter,Grocery,EGP 49.95,,,4.6,(1.1K),In Stock,https://m.media-amazon.com/images/I/71v9k61gRWL._AC_UL320_.jpg,https://www.amazon.eg/dp/B07DWF8YRJ,2026-05-09T05:52:46.979094
amazon,B0BZPJ9R6S,Product B0BZPJ9R6S,"Lipton Black Tea Soft , 500 gm",Grocery,EGP 89.95,,,4.4,(3.4K),In Stock,https://m.media-amazon.com/images/I/71vcdIylBTL._AC_UL320_.jpg,https://www.amazon.eg/dp/B0BZPJ9R6S,2026-05-09T05:52:46.983423
amazon,B00FFE8TDG,Product B00FFE8TDG,Al Doha Egyptian Rice-1 kg,Grocery,EGP 39.01,EGP 42.95,,4.6,(4.8K),In Stock,https://m.media-amazon.com/images/I/71z7HgX8LFL._AC_UL320_.jpg,https://www.amazon.eg/dp/B00FFE8TDG,2026-05-09T05:52:46.988315
amazon,B08WJND94N,Product B08WJND94N,"Elano water bottle, 12 pieces - 1.50 liter Package design may vary",Grocery,EGP 120.00,,,3.9,(2.4K),In Stock,https://m.media-amazon.com/images/I/61WgLa-0U6L._AC_UL320_.jpg,https://www.amazon.eg/dp/B08WJND94N,2026-05-09T05:52:46.992712
amazon,B0893KRNGQ,Product B0893KRNGQ,Almarai plain milk 1L Full Cream,Grocery,EGP 46.76,EGP 54.00,,4.6,(822),In Stock,https://m.media-amazon.com/images/I/71Bvh0sGVWL._AC_UL320_.jpg,https://www.amazon.eg/dp/B0893KRNGQ,2026-05-09T05:52:46.997273
amazon,B08WJKZF75,Product B08WJKZF75,Nescafe Classic Instant Coffee Pouch 200g,Grocery,EGP 232.99,EGP 260.00,,4.5,(2.5K),In Stock,https://m.media-amazon.com/images/I/61y5slAtL7L._AC_UL320_.jpg,https://www.amazon.eg/dp/B08WJKZF75,2026-05-09T05:52:47.002659
amazon,B0DJDJ4TWV,Product B0DJDJ4TWV,VCOLA V Super Soda Diet Can 300ml,Grocery,EGP 14.99,,,4.4,(464),In Stock,https://m.media-amazon.com/images/I/51vE4o6RRdL._AC_UL320_.jpg,https://www.amazon.eg/dp/B0DJDJ4TWV,2026-05-09T05:52:47.006623
amazon,B08WJMJHD8,Product B08WJMJHD8,Imtenan parsely and celery tea- 18 bags,Grocery,EGP 36.00,EGP 39.00,,4.4,(2.4K),In Stock,https://m.media-amazon.com/images/I/716rMoXOpoL._AC_UL320_.jpg,https://www.amazon.eg/dp/B08WJMJHD8,2026-05-09T05:52:47.011484
amazon,B091Q6FDTG,Product B091Q6FDTG,"Afia sunflower oil, 2.2 liters",Grocery,EGP 225.00,,,4.6,(2.8K),In Stock,https://m.media-amazon.com/images/I/81sNj7IvAgL._AC_UL320_.jpg,https://www.amazon.eg/dp/B091Q6FDTG,2026-05-09T05:52:47.015484
amazon,B0842HKTMQ,Product B0842HKTMQ,"Almarai Plain Full Fat Milk, PET Bottle 1 Liter",Grocery,EGP 53.95,,,4.6,(444),In Stock,https://m.media-amazon.com/images/I/61Lj8VhEgiL._AC_UL320_.jpg,https://www.amazon.eg/dp/B0842HKTMQ,2026-05-09T05:52:47.019450
amazon,B0CRF7HBF8,Product B0CRF7HBF8,VCOLA V7 super soda,Grocery,EGP 14.00,EGP 15.00,,4.4,(1K),In Stock,https://m.media-amazon.com/images/I/61TEazg2PxL._AC_UL320_.jpg,https://www.amazon.eg/dp/B0CRF7HBF8,2026-05-09T05:52:47.024032
amazon,B0887ZPXWJ,Product B0887ZPXWJ,"Dobella whole wheat diet flour, 1 kg",Grocery,EGP 41.00,,,4.4,(474),In Stock,https://m.media-amazon.com/images/I/81nBadPz-lL._AC_UL320_.jpg,https://www.amazon.eg/dp/B0887ZPXWJ,2026-05-09T05:52:47.028003
amazon,B07DC3ML9R,Product B07DC3ML9R,Bonjorno Coffee Mix Pouch 400g,Grocery,EGP 133.87,EGP 168.00,,4.3,(1.7K),In Stock,https://m.media-amazon.com/images/I/610zGbDYuOL._AC_UL320_.jpg,https://www.amazon.eg/dp/B07DC3ML9R,2026-05-09T05:52:47.033027
amazon,B08YY2YCRR,Product B08YY2YCRR,"Crystal Sunflower Oil, 2.2 Liter",Grocery,,,,4.6,(2K),In Stock,https://m.media-amazon.com/images/I/71tfw2qfwUL._AC_UL320_.jpg,https://www.amazon.eg/dp/B08YY2YCRR,2026-05-09T05:52:47.035865
amazon,B08WJLBZTR,Product B08WJLBZTR,Rehana natural vinegar - 1 l,Grocery,EGP 17.99,,,4.5,(1K),In Stock,https://m.media-amazon.com/images/I/71Z1JMm31FL._AC_UL320_.jpg,https://www.amazon.eg/dp/B08WJLBZTR,2026-05-09T05:52:47.040264
amazon,B092LR1JV9,Product B092LR1JV9,"Lipton Green Tea Mint, 25 teabags",Grocery,EGP 35.00,,,4.5,(1K),In Stock,https://m.media-amazon.com/images/I/61O5--WQptL._AC_UL320_.jpg,https://www.amazon.eg/dp/B092LR1JV9,2026-05-09T05:52:47.044658
amazon,B00UEMFGJO,Product B00UEMFGJO,"Aldoha White Sugar, 1 KG",Grocery,EGP 36.00,EGP 38.50,,4.6,(1.5K),In Stock,https://m.media-amazon.com/images/I/61dMpOPnHoL._AC_UL320_.jpg,https://www.amazon.eg/dp/B00UEMFGJO,2026-05-09T05:52:47.049182
amazon,B01N7HPTHR,Product B01N7HPTHR,Lamar Skimmed milk 1 Liter,Grocery,EGP 49.95,,,4.3,(250),In Stock,https://m.media-amazon.com/images/I/51MRYXUXWVL._AC_UL320_.jpg,https://www.amazon.eg/dp/B01N7HPTHR,2026-05-09T05:52:47.053151
amazon,B00UJO9UEY,Product B00UJO9UEY,Nestlé Pure Life Water Carton set of 20 bottle X 0.60 L - Package may vary,Grocery,EGP 112.99,,,4.0,(920),In Stock,https://m.media-amazon.com/images/I/71jfsVEvAYL._AC_UL320_.jpg,https://www.amazon.eg/dp/B00UJO9UEY,2026-05-09T05:52:47.057533
amazon,B018QZ9HHM,Product B018QZ9HHM,zamzam sugar 1 kg,Grocery,EGP 34.00,EGP 37.00,,4.5,(620),In Stock,https://m.media-amazon.com/images/I/51E-V67FVaL._AC_UL320_.jpg,https://www.amazon.eg/dp/B018QZ9HHM,2026-05-09T05:52:47.062407
amazon,B01JRXHCOW,Product B01JRXHCOW,ELMALEKA vermecelli -1kg,Grocery,EGP 33.99,EGP 38.00,,4.6,(1.2K),In Stock,https://m.media-amazon.com/images/I/81c2QuM-xgL._AC_UL320_.jpg,https://www.amazon.eg/dp/B01JRXHCOW,2026-05-09T05:52:47.067001
amazon,B08WJJDQ6R,Product B08WJJDQ6R,Harvest tomato paste - 320 grams,Grocery,EGP 34.25,,,4.4,(791),In Stock,https://m.media-amazon.com/images/I/71ya678vdRL._AC_UL320_.jpg,https://www.amazon.eg/dp/B08WJJDQ6R,2026-05-09T05:52:47.071336
amazon,B08YY1J37K,Product B08YY1J37K,Juhayna mix chocolate milk - 200 ml,Grocery,EGP 12.50,,,4.6,(396),In Stock,https://m.media-amazon.com/images/I/613UccPc0PL._AC_UL320_.jpg,https://www.amazon.eg/dp/B08YY1J37K,2026-05-09T05:52:47.075307
amazon,B0846D5CBP,Product B0846D5CBP,Casio fx-991esplus-2wdtv digital calculator - Black - 2 Years Warranty,Video Games,"EGP 1,019.00","EGP 1,399.00",,4.6,(17.2K),In Stock,https://m.media-amazon.com/images/I/514Kel0a1xL._AC_UL320_.jpg,https://www.amazon.eg/dp/B0846D5CBP,2026-05-09T05:56:50.762427
amazon,B0CQYW2NGC,Product B0CQYW2NGC,SOKANY SK-12003 Garment Steamer 1500W 250mm,Video Games,"EGP 1,499.00","EGP 1,580.28",,4.0,(111),In Stock,https://m.media-amazon.com/images/I/51VGOEIB6CL._AC_UL320_.jpg,https://www.amazon.eg/dp/B0CQYW2NGC,2026-05-09T05:56:50.766315
amazon,B0BLZLQN3R,Product B0BLZLQN3R,"Pampers Diapers Pants Premium Extra Care, With Lotion with Aloe Vera, Size 6, 16+ KG, 72 (2 * 36) Diaper (pack may vary)",Video Games,"EGP 1,054.10",,,4.4,(1K),In Stock,https://m.media-amazon.com/images/I/81sVYfU6eRL._AC_UL320_.jpg,https://www.amazon.eg/dp/B0BLZLQN3R,2026-05-09T05:56:50.769690
amazon,B0795W624R,Product B0795W624R,"Philips Oneblade Replaceable Blade Pack Including 2 Replaceable Blades, Qp220/51 (Lime)",Video Games,"EGP 1,162.80","EGP 1,235.80",,4.7,(2.5K),In Stock,https://m.media-amazon.com/images/I/71xZIjLsrrL._AC_UL320_.jpg,https://www.amazon.eg/dp/B0795W624R,2026-05-09T05:56:50.773076
amazon,B0FDGLCR1H,Product B0FDGLCR1H,Silver Crest Air Fryer 6 Liter 2400W Multifunction Touch Screen - Black,Video Games,"EGP 1,246.00","EGP 1,351.43",,3.0,(93),In Stock,https://m.media-amazon.com/images/I/61J99-JRTrL._AC_UL320_.jpg,https://www.amazon.eg/dp/B0FDGLCR1H,2026-05-09T05:56:50.777099
amazon,B0B2RST165,Product B0B2RST165,"Casio FX-991ESPLUS-2PKWDT Scientific Calculator, Pink",Video Games,"EGP 1,299.00",,,4.6,(17.2K),In Stock,https://m.media-amazon.com/images/I/61A5VbemBaL._AC_UL320_.jpg,https://www.amazon.eg/dp/B0B2RST165,2026-05-09T05:56:50.781763
amazon,B0FL7KZ9LY,Product B0FL7KZ9LY,"ZoserX - Bionic Heated Massager, Wireless Portable Shiatsu Neck and Back Massager, Electric Deep Tissue 4D Kneading Massage, Simulated Human Hand Design for Pain Relief and Muscle Relax (Green)",Video Games,"EGP 1,025.00","EGP 1,704.00",,3.7,(221),In Stock,https://m.media-amazon.com/images/I/61JCT22ffpL._AC_UL320_.jpg,https://www.amazon.eg/dp/B0FL7KZ9LY,2026-05-09T05:56:50.785849
amazon,B0GHSV119N,Product B0GHSV119N,H2oFloss Rechargeable Electric Water Flosser - 360° Deep Clean Oral Irrigator with 8 Professional Nozzles & Travel Bag - IPX7 Waterproof - Ultimate Dental Hygiene System (h2ofloss Black),Video Games,"EGP 1,899.00",,,5.0,(4),In Stock,https://m.media-amazon.com/images/I/51HkelX13mL._AC_UL320_.jpg,https://www.amazon.eg/dp/B0GHSV119N,2026-05-09T05:56:50.788760
amazon,B0FR2MFW1H,Product B0FR2MFW1H,"TORNADO Steam Iron 2200 Watt Ceramic Soleplate, Tank Capacity 300 Ml, Anti-Drip, Adjustable Steam Dark Blue - Green TST-2200NC (Multi Color)",Video Games,"EGP 1,576.00",,,3.8,(23),In Stock,https://m.media-amazon.com/images/I/41cy8pPZWnL._AC_UL320_.jpg,https://www.amazon.eg/dp/B0FR2MFW1H,2026-05-09T05:56:50.792011
amazon,B0DTGT3NNW,Product B0DTGT3NNW,Sokany SK-12008 1500 W Handheld Garment Steam Iron,Video Games,"EGP 1,259.00","EGP 1,383.28",,4.2,(20),In Stock,https://m.media-amazon.com/images/I/41lUwin7okL._AC_UL320_.jpg,https://www.amazon.eg/dp/B0DTGT3NNW,2026-05-09T05:56:50.795706
amazon,B0976ZNNPR,Product B0976ZNNPR,"Pampers Pants Case, Size 6 with Lotion with Olive Oil, 128 Baby Diapers (Pack of 2-64 * 2) (pack may vary)",Video Games,"EGP 1,029.05","EGP 1,140.00",,4.2,(1.2K),In Stock,https://m.media-amazon.com/images/I/81pE5M7sSyL._AC_UL320_.jpg,https://www.amazon.eg/dp/B0976ZNNPR,2026-05-09T05:56:50.799047
amazon,B0FK5VDZCN,Product B0FK5VDZCN,Wireless CarPlay Adapter Carlinkit MINI Ultra3│Plug & Play Convert Wired C arPlay to Wireless CarPlay│Convert Wired Android Auto to wireles-s Android Auto│for Wired CarPla-y&Wire-d Android AUT-o Cars,Video Games,"EGP 1,499.00",,,4.1,(307),In Stock,https://m.media-amazon.com/images/I/51xhBMQV+9L._AC_UL320_.jpg,https://www.amazon.eg/dp/B0FK5VDZCN,2026-05-09T05:56:50.801886
amazon,B0B2RR481F,Product B0B2RR481F,"Casio Scientific Calculators Non Programmable 10 2 Digis 417 Functions Blue Color FX-991ESPLUS2BUWDT, C86",Video Games,"EGP 1,029.00","EGP 1,209.00",,4.6,(17.2K),In Stock,https://m.media-amazon.com/images/I/61mxxfYRO7L._AC_UL320_.jpg,https://www.amazon.eg/dp/B0B2RR481F,2026-05-09T05:56:50.806631
amazon,B07N6PJHVJ,Product B07N6PJHVJ,CANON Ink cartridge PG-445 BK/CL-446 COLOR MULTI PACK,Video Games,"EGP 1,548.00","EGP 1,899.99",,4.4,(816),In Stock,https://m.media-amazon.com/images/I/717a1JXyIBL._AC_UL320_.jpg,https://www.amazon.eg/dp/B07N6PJHVJ,2026-05-09T05:56:50.810375
amazon,B0D6BQNVXC,Product B0D6BQNVXC,"Soundcore By Anker R50i NC True Wireless Earbuds 10mm Drivers with Big Bass, Bluetooth 5.3, IP54-Sweatguard M waterproof, AI Clear Calls with 4 Mics, 22 Preset EQs via App-White - 18 Months Warranty",Video Games,"EGP 1,255.55",,,4.2,(1.1K),In Stock,https://m.media-amazon.com/images/I/61b5cOjm2eL._AC_UL320_.jpg,https://www.amazon.eg/dp/B0D6BQNVXC,2026-05-09T05:56:50.814937
amazon,B0FCZTYSN6,Product B0FCZTYSN6,Kingston Canvas Select Plus microSD Memory Card 128GB microSDXC Gen3 150MB/s A1 Card + Adapter - SDCS3/128GB,Video Games,"EGP 1,045.00",,,4.5,(1K),In Stock,https://m.media-amazon.com/images/I/71913emXQOL._AC_UL320_.jpg,https://www.amazon.eg/dp/B0FCZTYSN6,2026-05-09T05:56:50.818158
amazon,B0BKWXJB29,Product B0BKWXJB29,TotalEnergies QUARTZ 7000 10W-40 Synthetic Technology Engine oil for Passenger Car - 5 Liters,Video Games,"EGP 1,199.00",,,4.5,(1.1K),In Stock,https://m.media-amazon.com/images/I/71D3lCv+7ZL._AC_UL320_.jpg,https://www.amazon.eg/dp/B0BKWXJB29,2026-05-09T05:56:50.821652
amazon,B09P1CMX7S,Product B09P1CMX7S,Alcatel F860/F630/S250 Wireless Telephone/Speaker/Illuminated Screen/Caller ID/50 Digit Memory/Redial Button/Different Tones/Bell Intensity Control,Video Games,"EGP 1,325.00",,,4.3,(88),In Stock,https://m.media-amazon.com/images/I/51iyEbgSkbL._AC_UL320_.jpg,https://www.amazon.eg/dp/B09P1CMX7S,2026-05-09T05:56:50.824902
amazon,B0BS1PRC4L,Product B0BS1PRC4L,"Sony WH-CH520 Wireless Bluetooth On-Ear with Mic for Phone Call, Black",Video Games,"EGP 1,999.00",,,4.4,(30K),In Stock,https://m.media-amazon.com/images/I/41lArSiD5hL._AC_UL320_.jpg,https://www.amazon.eg/dp/B0BS1PRC4L,2026-05-09T05:56:50.829719
amazon,B0CRTYZG5C,Product B0CRTYZG5C,"Soundcore P30i by Anker Noise Cancelling Earbuds, Strong and Smart Noise Cancelling, Powerful Bass, 45H Playtime, 2-in-1 Case and Phone Stand, IP54, Wireless Earbuds, Bluetooth 5.4 (Black)",Video Games,"EGP 1,296.82","EGP 1,699.00",,4.2,(31.4K),In Stock,https://m.media-amazon.com/images/I/51HbL1WS+KL._AC_UL320_.jpg,https://www.amazon.eg/dp/B0CRTYZG5C,2026-05-09T05:56:50.835038
amazon,B0F3D25PD3,Product B0F3D25PD3,"GameSir Nova 2 Lite Wireless Controller with Hall Effect Joysticks and Triggers, 2.4G and Wired 1000Hz Polling Rate, Remappable Buttons, Grey, Compatible with PC/Switch/Steam/Android",Video Games,"EGP 1,999.00",,,4.3,(1.2K),In Stock,https://m.media-amazon.com/images/I/61yHqDf0SqL._AC_UL320_.jpg,https://www.amazon.eg/dp/B0F3D25PD3,2026-05-09T05:56:50.838202
amazon,B0CLPKWSHQ,Product B0CLPKWSHQ,"Joyroom JR-W020 20W PD Magnetic Wireless Power Bank, 10,000 mAh Fast Charging Portable Charger, MagSafe-Compatible, USB-C Power Delivery, Qi Wireless Charging – Black | 12-Month Warranty",Video Games,"EGP 1,275.00",,,4.0,(134),In Stock,https://m.media-amazon.com/images/I/5165Ny8pGsL._AC_UL320_.jpg,https://www.amazon.eg/dp/B0CLPKWSHQ,2026-05-09T05:56:50.841489
amazon,B09L8FNDTR,Product B09L8FNDTR,"Tank Power Water Filter 5 Stages Premium, 1 Year Warranty",Video Games,"EGP 1,249.00",,,4.2,(217),In Stock,https://m.media-amazon.com/images/I/71muLGJr5BL._AC_UL320_.jpg,https://www.amazon.eg/dp/B09L8FNDTR,2026-05-09T05:56:50.844773
amazon,B00BJB8PUG,Product B00BJB8PUG,Nutrex Lipo-6 Black UC 60c,Video Games,"EGP 1,085.00","EGP 1,300.00",,4.1,(128),In Stock,https://m.media-amazon.com/images/I/51sD09ZdZIL._AC_UL320_.jpg,https://www.amazon.eg/dp/B00BJB8PUG,2026-05-09T05:56:50.848337
amazon,B0DLTL8JCM,Product B0DLTL8JCM,Facilita Blood Pressure Monitor,Video Games,"EGP 1,185.00","EGP 1,354.50",,4.3,(64),In Stock,https://m.media-amazon.com/images/I/61zdU6ojN6L._AC_UL320_.jpg,https://www.amazon.eg/dp/B0DLTL8JCM,2026-05-09T05:56:50.851601
amazon,B091J64SNB,Product B091J64SNB,Compressor Car 2 cylinder 12 volts Model TOTAL TTAC2506,Video Games,"EGP 1,816.00","EGP 2,042.00",,4.5,(189),In Stock,https://m.media-amazon.com/images/I/610WP8BiEwL._AC_UL320_.jpg,https://www.amazon.eg/dp/B091J64SNB,2026-05-09T05:56:50.855676
amazon,B08X69XYLH,Product B08X69XYLH,"Fresh Stand Fan Galaxy- 16 inch Assorted Colors, Fresh Stand Fan Galaxy",Video Games,"EGP 1,469.00","EGP 1,653.00",,4.0,(212),In Stock,https://m.media-amazon.com/images/I/31lFkko-eBL._AC_UL320_.jpg,https://www.amazon.eg/dp/B08X69XYLH,2026-05-09T05:56:50.860079
amazon,B0CXMYJT8W,Product B0CXMYJT8W,"Oraimo Watch 4 Plus Bluetooth Call Smart Watch 2.01inch HD Display Fitness Tracker With 100+ Sport Modes, IP68 Waterproof",Video Games,"EGP 1,259.82",,,4.0,(295),In Stock,https://m.media-amazon.com/images/I/61Yj9K3WJrL._AC_UL320_.jpg,https://www.amazon.eg/dp/B0CXMYJT8W,2026-05-09T05:56:50.863800
amazon,B06XWZ41RT,Product B06XWZ41RT,Panasonic RF-2400D High Quality Digital Portable Radio AM FM - Black,Video Games,"EGP 1,989.95","EGP 2,199.00",,4.4,(8.9K),In Stock,https://m.media-amazon.com/images/I/51A0trhWnoL._AC_UL320_.jpg,https://www.amazon.eg/dp/B06XWZ41RT,2026-05-09T05:56:50.867531
amazon,B0D3P8ZP21,Product B0D3P8ZP21,"Xiaomi Body Fat Scale S400 Bathroom Scales with Dual Frequency Measurement, 25 Health Indicators, up to 150 kg and Accuracy of 100 g, Body mass index, muscle mass, body fat, White",Video Games,"EGP 1,320.00","EGP 1,533.30",,4.4,(2.2K),In Stock,https://m.media-amazon.com/images/I/51keV3OO2kL._AC_UL320_.jpg,https://www.amazon.eg/dp/B0D3P8ZP21,2026-05-09T05:56:50.873267
amazon,B0DM9KBP4B,Product B0DM9KBP4B,"Soundcore by Anker R50i NC Wireless Bluetooth Earphones, Powerful and Smart Noise Cancelling, Powerful Bass, 45 Hours Playtime, 2-in-1 Case and Phone Stand, IP54, Bluetooth 5.4, Black",Video Games,,,,4.1,(214),In Stock,https://m.media-amazon.com/images/I/41QN8EKIEuL._AC_UL320_.jpg,https://www.amazon.eg/dp/B0DM9KBP4B,2026-05-09T05:56:50.875237
amazon,B0867X1QGP,Product B0867X1QGP,"EZVIZ CS-C6N 1080p HD Indoor Wi-Fi Pan/Tilt Security Camera – White, Smart IR Night Vision, Motion Detection, Auto Tracking, Two-Way Audio, Works with Alexa & Google",Video Games,"EGP 1,199.00",,,4.4,(7.2K),In Stock,https://m.media-amazon.com/images/I/51Uyc1UK5uL._AC_UL320_.jpg,https://www.amazon.eg/dp/B0867X1QGP,2026-05-09T05:56:50.878113
amazon,B09HSK8H8K,Product B09HSK8H8K,TORNADO Orbit Fan 16 Inch 4 Blades White TOF-49Y,Video Games,"EGP 1,799.00","EGP 2,541.25",,4.0,(92),In Stock,https://m.media-amazon.com/images/I/71phfB7PqPL._AC_UL320_.jpg,https://www.amazon.eg/dp/B09HSK8H8K,2026-05-09T05:56:50.881478
amazon,B0FCZRCP67,Product B0FCZRCP67,Kingston Canvas Select Plus microSD Memory Card 256GB microSDXC Gen3 150MB/s A1 Card + Adapter - SDCS3/256GB,Video Games,"EGP 1,470.00",,,4.5,(1K),In Stock,https://m.media-amazon.com/images/I/71JkfZ5xugL._AC_UL320_.jpg,https://www.amazon.eg/dp/B0FCZRCP67,2026-05-09T05:56:50.884573
amazon,B093Q75MN3,Product B093Q75MN3,Apple MX532LL/A AirTag Multi-function Item Locator for iPhone/iPad - White,Video Games,"EGP 1,765.00",,,4.7,(143.7K),In Stock,https://m.media-amazon.com/images/I/61ZRE8c0SNL._AC_UL320_.jpg,https://www.amazon.eg/dp/B093Q75MN3,2026-05-09T05:56:50.888176
amazon,B0976Z4XRS,Product B0976Z4XRS,"Pampers Baby Dry Pants Diapers Case, size 5, 12 - 18 kg, with Lotion with Olive Oil, 140 baby Diapers",Video Games,"EGP 1,047.45","EGP 1,140.00",,4.2,(1.2K),In Stock,https://m.media-amazon.com/images/I/61jhaJSAMcL._AC_UL320_.jpg,https://www.amazon.eg/dp/B0976Z4XRS,2026-05-09T05:56:50.891533
amazon,B0F6T6N2B1,Product B0F6T6N2B1,"Carlinkit Mini Ultra CarPlay Wireless Adapter for iPhone, Wireless Android Auto Adapter, Converts Wired to Wireless CarPlay and Android Auto, Plug-and-Play Setup,Compatible with Cars from 2016+",Video Games,"EGP 1,085.00","EGP 1,260.00",,3.8,(640),In Stock,https://m.media-amazon.com/images/I/6104sxLr4zL._AC_UL320_.jpg,https://www.amazon.eg/dp/B0F6T6N2B1,2026-05-09T05:56:50.895200
amazon,B0F3CV3RMQ,Product B0F3CV3RMQ,"Hollyland Lark A1 Wireless Mini Microphone for iPhone 15/16 & Android, 48kHz/24-bit, 3-Level Intelligent Noise Cancel, Magnetic Microphone for YouTube, Podcast, Vlogging (Black, 2TX + USB-C RX)",Video Games,"EGP 1,749.00",,,4.4,(1.8K),In Stock,https://m.media-amazon.com/images/I/51rzGqwKHJL._AC_UL320_.jpg,https://www.amazon.eg/dp/B0F3CV3RMQ,2026-05-09T05:56:50.898415
amazon,B09NKYQ9QK,Product B09NKYQ9QK,Gillette ProGlide5 Razor Blades Refills – MEGA PACK – Pack of 8,Video Games,"EGP 1,341.34","EGP 1,677.00",,4.5,(156),In Stock,https://m.media-amazon.com/images/I/61W5zjDdh6L._AC_UL320_.jpg,https://www.amazon.eg/dp/B09NKYQ9QK,2026-05-09T05:56:50.902032
amazon,B0D6BPY3SC,Product B0D6BPY3SC,"Soundcore By Anker R50i NC True Wireless Earbuds 10mm Drivers with Big Bass, Bluetooth 5.3, 45H Playtime, IP54, AI Clear Calls with 4 Mics, 22 Preset EQs via App-Black, 18 Months Warranty",Video Games,"EGP 1,359.00","EGP 1,699.00",,4.2,(1.1K),In Stock,https://m.media-amazon.com/images/I/61nwtLta29L._AC_UL320_.jpg,https://www.amazon.eg/dp/B0D6BPY3SC,2026-05-09T05:56:50.907081
amazon,B0BM7HJ1Z9,Product B0BM7HJ1Z9,Mienta - Hand Blender 1000W - HB11938A,Video Games,"EGP 1,299.00","EGP 1,507.65",,4.0,(316),In Stock,https://m.media-amazon.com/images/I/511iJkxXfcL._AC_UL320_.jpg,https://www.amazon.eg/dp/B0BM7HJ1Z9,2026-05-09T05:56:50.910802
amazon,B09SKSBZSL,Product B09SKSBZSL,Rossmax - Z1 Blood Pressure Monitor,Video Games,"EGP 1,438.84","EGP 1,500.00",,4.4,(292),In Stock,https://m.media-amazon.com/images/I/41uZ-E21fGL._AC_UL320_.jpg,https://www.amazon.eg/dp/B09SKSBZSL,2026-05-09T05:56:50.913725
amazon,B0BR3M8XHK,Product B0BR3M8XHK,"UGREEN Revodok 5-in-1 USB-C Hub with 4K HDMI, 100W Power Delivery, 3 USB-A Data Ports, USB C Hub Multiport Adapter",Video Games,"EGP 1,005.00",,,4.6,(28.1K),In Stock,https://m.media-amazon.com/images/I/61ZrDcJ4nYL._AC_UL320_.jpg,https://www.amazon.eg/dp/B0BR3M8XHK,2026-05-09T05:56:50.917085
amazon,B0CDMB5ZQW,Product B0CDMB5ZQW,"HUAWEI FreeBuds SE 2, 40-Hour Battery Life, Compact and Comfortable to Grip, 3 Hours of Music Playback on a 10-Minute Charge, IP54 Dust & Splash Resistance, Ceramic White",Video Games,"EGP 1,164.99","EGP 1,850.00",,4.1,(12K),In Stock,https://m.media-amazon.com/images/I/51VRW+4dYgL._AC_UL320_.jpg,https://www.amazon.eg/dp/B0CDMB5ZQW,2026-05-09T05:56:50.922075
amazon,B0044AFB4W,Product B0044AFB4W,"Energizer Maxi Recharge Charger, plus Rechargeble Battery, Size AA, Pack of 4 Blister Card, 2000 mAh - شاحن + 4 حجر قلم",Video Games,"EGP 1,249.83",,,4.7,(2.9K),In Stock,https://m.media-amazon.com/images/I/8158x5I8uOL._AC_UL320_.jpg,https://www.amazon.eg/dp/B0044AFB4W,2026-05-09T05:56:50.925346
amazon,B09YQG4X3K,Product B09YQG4X3K,DY Nutrition Unflavoured Creatine Monohydrate Powder 300 g,Video Games,"EGP 1,088.00",,,4.3,(299),In Stock,https://m.media-amazon.com/images/I/81mptGkn-7L._AC_UL320_.jpg,https://www.amazon.eg/dp/B09YQG4X3K,2026-05-09T05:56:50.928242
amazon,B086SWM291,Product B086SWM291,Lavazza Crema E Aroma Coffee Beans (1kg),Video Games,"EGP 1,298.00",,,4.1,(60),In Stock,https://m.media-amazon.com/images/I/51Dvt7YN11L._AC_UL320_.jpg,https://www.amazon.eg/dp/B086SWM291,2026-05-09T05:56:50.931364
amazon,B0CC5Z8QNQ,Product B0CC5Z8QNQ,Truman - TV Wall Mount P65 Movable 55-85 inch - Black,Video Games,"EGP 1,445.00","EGP 1,470.00",,4.6,(186),In Stock,https://m.media-amazon.com/images/I/71nMQxzr8jL._AC_UL320_.jpg,https://www.amazon.eg/dp/B0CC5Z8QNQ,2026-05-09T05:56:50.936125
amazon,B081BMMW5F,Product B081BMMW5F,"Baby Brezza Instant Warmer - Instantly Dispenses Warm Water At Perfect Bottle Temperature Replaces Traditional Warmers,White,Pack of 1",Baby Products,"EGP 5,000.00",,,4.7,(8K),In Stock,https://m.media-amazon.com/images/I/61BX04jaSvL._AC_UL320_.jpg,https://www.amazon.eg/dp/B081BMMW5F,2026-05-09T06:00:56.174452
amazon,B09MZK7S5S,Product B09MZK7S5S,Bambio Push and Go Crutch Baby Stroller - Burgundy,Baby Products,,,,3.6,(2),In Stock,https://m.media-amazon.com/images/I/61cbFe2OpXL._AC_UL320_.jpg,https://www.amazon.eg/dp/B09MZK7S5S,2026-05-09T06:00:56.176609
amazon,B0GNCDBDF4,Product B0GNCDBDF4,Baby Bed Made of Red Beech Wood - 3 Levels Can Be Attached to Mother Bed Wash Color + 4 Pieces Sides and Sheet Pillow and Mattress Free Gift,Baby Products,"EGP 5,000.00",,,,EGP 5000.00EGP5000.00,In Stock,https://m.media-amazon.com/images/I/818boR1-iUL._AC_UL320_.jpg,https://www.amazon.eg/dp/B0GNCDBDF4,2026-05-09T06:00:56.179329
amazon,B0DH3QM4D1,Product B0DH3QM4D1,"Fantastic-Kids-Toys Kidilo K10G Baby Stroller K10G - Conveniently Convertible & Foldable with One Hand, 5-Point Safety Harnesses (grey)",Baby Products,"EGP 5,000.00",,,4.2,(11),In Stock,https://m.media-amazon.com/images/I/61B5veZrCoL._AC_UL320_.jpg,https://www.amazon.eg/dp/B0DH3QM4D1,2026-05-09T06:00:56.183326
amazon,B0GR66H51C,Product B0GR66H51C,6-in-1 Babyy Walker blue,Baby Products,,,,,(2 new offers),In Stock,https://m.media-amazon.com/images/I/61Ob-h+V5lL._AC_UL320_.jpg,https://www.amazon.eg/dp/B0GR66H51C,2026-05-09T06:00:56.185081
amazon,B0791ZLMSW,Product B0791ZLMSW,Ingenuity Baby Base 2-in-2,Baby Products,"EGP 5,000.00",,,4.6,(7.5K),In Stock,https://m.media-amazon.com/images/I/716I4wxjrjL._AC_UL320_.jpg,https://www.amazon.eg/dp/B0791ZLMSW,2026-05-09T06:00:56.188284
amazon,B086TDVX86,Product B086TDVX86,"Fisher-Price 69"" x 68"" x 53""/1.75m x 1.73m x 1.35m Bouncetastic Bouncer",Baby Products,"EGP 5,000.00",,,4.3,(159),In Stock,https://m.media-amazon.com/images/I/81k75oF7NtL._AC_UL320_.jpg,https://www.amazon.eg/dp/B086TDVX86,2026-05-09T06:00:56.191507
amazon,B0GRL8VGYL,Product B0GRL8VGYL,B. toys Micro Urban Worker Fleet (Light& sound),Baby Products,"EGP 5,000.00",,,,EGP 5000.00EGP5000.00,In Stock,https://m.media-amazon.com/images/I/71xD8Asl76L._AC_UL320_.jpg,https://www.amazon.eg/dp/B0GRL8VGYL,2026-05-09T06:00:56.194392
amazon,B0GQR3DSXD,Product B0GQR3DSXD,عربة اطفال خفيفة الوزن ثنائية الاتجاه- Stroller B1- بتصميم قابل للتحويل والطي بشكل مريح بيد واحدة مع كفر شتوي - متعددة الاوضاع (dark blue),Baby Products,"EGP 5,000.00",,,,EGP 5000.00EGP5000.00,In Stock,https://m.media-amazon.com/images/I/61lY83jUXpL._AC_UL320_.jpg,https://www.amazon.eg/dp/B0GQR3DSXD,2026-05-09T06:00:56.197242
amazon,B0F3DCVSSF,Product B0F3DCVSSF,"Uleway Portable Wearable Electric Breast Pump, 9 Levels 3 Modes Electric Baby Milk Puller with LCD Display and Remote Control, Memory Function, BPA-Free, Large 140°-2 Pieces",Baby Products,"EGP 5,000.00",,,3.5,(30),In Stock,https://m.media-amazon.com/images/I/71U6eW8nQzL._AC_UL320_.jpg,https://www.amazon.eg/dp/B0F3DCVSSF,2026-05-09T06:00:56.200115
amazon,B0DH3MKD8B,Product B0DH3MKD8B,"Fantastic-Kids-Toys Kidilo K9 Baby Stroller K9 - Convertible Stroller - Conveniently Foldable, One-Handed, 5-Point Safety Belts, Color (BLAK)",Baby Products,"EGP 5,017.94",,,,EGP 5017.94EGP5017.94,In Stock,https://m.media-amazon.com/images/I/61HcxElpIFL._AC_UL320_.jpg,https://www.amazon.eg/dp/B0DH3MKD8B,2026-05-09T06:00:56.203474
amazon,B0DC583ZDZ,Product B0DC583ZDZ,Graco Snack N Stow High Chair,Baby Products,"EGP 5,000.00",,,5.0,(1),In Stock,https://m.media-amazon.com/images/I/61Q0bxQ0OPL._AC_UL320_.jpg,https://www.amazon.eg/dp/B0DC583ZDZ,2026-05-09T06:00:56.206598
amazon,B0BYT35CDQ,Product B0BYT35CDQ,Pippeta Wearable Hands Free Breast Pump - Led Screen | Single Pumping | 12 Suction Levels Modes| 180 Ml Capacity - Pink,Baby Products,"EGP 5,000.00",,,4.0,(7),In Stock,https://m.media-amazon.com/images/I/61kIe+g2WKL._AC_UL320_.jpg,https://www.amazon.eg/dp/B0BYT35CDQ,2026-05-09T06:00:56.209491
amazon,B0BRB8KVG9,Product B0BRB8KVG9,Baby ligh stroller with handle remover,Baby Products,"EGP 5,000.00",,,,EGP 5000.00EGP5000.00,In Stock,https://m.media-amazon.com/images/I/51AxnFWh7FL._AC_UL320_.jpg,https://www.amazon.eg/dp/B0BRB8KVG9,2026-05-09T06:00:56.212288
amazon,B0BD61T61Y,Product B0BD61T61Y,Light Stroller For Babies - Gray,Baby Products,"EGP 5,000.00",,,,EGP 5000.00EGP5000.00,In Stock,https://m.media-amazon.com/images/I/61e6Vt+qWbL._AC_UL320_.jpg,https://www.amazon.eg/dp/B0BD61T61Y,2026-05-09T06:00:56.215071
amazon,B098TX31CK,Product B098TX31CK,"Infant Deluxe Comfort Folding Booster Seat is a convenient, comfortable solution for eating in-home or on-the-go",Baby Products,,,,,,In Stock,https://m.media-amazon.com/images/I/6132GWKnr1L._AC_UL320_.jpg,https://www.amazon.eg/dp/B098TX31CK,2026-05-09T06:00:56.216430
amazon,B005U94N9A,Product B005U94N9A,"Vileda Ultramax Flat Mop and Bucket Set, Multi-Colour",Industrial,"EGP 1,699.00","EGP 1,751.83",,4.3,(19.8K),In Stock,https://m.media-amazon.com/images/I/810GK0JcfOL._AC_UL320_.jpg,https://www.amazon.eg/dp/B005U94N9A,2026-05-09T05:57:32.318570
amazon,B0D14SFBKY,Product B0D14SFBKY,Bosch GSB 600 PROFESSIONAL,Industrial,"EGP 1,295.00",,,4.8,(169),In Stock,https://m.media-amazon.com/images/I/610-OFg4wIL._AC_UL320_.jpg,https://www.amazon.eg/dp/B0D14SFBKY,2026-05-09T05:57:32.322862
amazon,B0846JQYLM,Product B0846JQYLM,"Tank Power Water Filter 5 Stages, 1 Year Warranty",Industrial,,,,3.9,(284),In Stock,https://m.media-amazon.com/images/I/61nYi7mFvuL._AC_UL320_.jpg,https://www.amazon.eg/dp/B0846JQYLM,2026-05-09T05:57:32.325163
amazon,B0GFN9BNZK,Product B0GFN9BNZK,"Compressed Air Duster, 110,000 RPM Super Power Electric Cordless Blower, 4000mAh Rechargeable Air Blower with LED Indicatior & 3 Gears, 5-in-1 Dust Remover for PC, Keyboard, Car & Outdoor, Black",Industrial,"EGP 1,133.10","EGP 1,399.00",,3.9,(10),In Stock,https://m.media-amazon.com/images/I/61F4F+Sg5hL._AC_UL320_.jpg,https://www.amazon.eg/dp/B0GFN9BNZK,2026-05-09T05:57:32.329485
amazon,B0FQ469SNM,Product B0FQ469SNM,129 Pcs Tools set,Industrial,"EGP 1,653.84",,,3.7,(18),In Stock,https://m.media-amazon.com/images/I/51AZkLS90+L._AC_UL320_.jpg,https://www.amazon.eg/dp/B0FQ469SNM,2026-05-09T05:57:32.333292
amazon,B0F1D312ML,Product B0F1D312ML,PIONIZER,Industrial,"EGP 1,466.00","EGP 1,679.99",,4.5,(28),In Stock,https://m.media-amazon.com/images/I/718lQWDLSxL._AC_UL320_.jpg,https://www.amazon.eg/dp/B0F1D312ML,2026-05-09T05:57:32.341101
amazon,B0F6YQNMLC,Product B0F6YQNMLC,ELWATANIA FLU DISH SET 33PCS CHARCOAL,Industrial,"EGP 1,030.00","EGP 1,621.48",,3.7,(33),In Stock,https://m.media-amazon.com/images/I/61c7APxtbfL._AC_UL320_.jpg,https://www.amazon.eg/dp/B0F6YQNMLC,2026-05-09T05:57:32.345099
amazon,B0CYX57FZC,Product B0CYX57FZC,Magnetic Phone Cooler Cell Phone Cooler CX07 Phone Fan Cooler for 2.83-3.66 inches iOS/Android Semiconductor Heatsink Cooling for Gameing,Industrial,,,,3.5,(60),In Stock,https://m.media-amazon.com/images/I/71IBZ-8FH7L._AC_UL320_.jpg,https://www.amazon.eg/dp/B0CYX57FZC,2026-05-09T05:57:32.347386
amazon,B091J6HP3P,Product B091J6HP3P,"Tank Power Water Filter 3 Stages + 2 Tank Power Cartridge Free, 1 Year Warranty",Industrial,"EGP 1,049.00",,,4.3,(152),In Stock,https://m.media-amazon.com/images/I/61a+a9ScIuL._AC_UL320_.jpg,https://www.amazon.eg/dp/B091J6HP3P,2026-05-09T05:57:32.350641
amazon,B091D5SNV1,Product B091D5SNV1,Commercial Garbage Bin - 240L,Industrial,"EGP 1,295.00",,,4.5,(132),In Stock,https://m.media-amazon.com/images/I/516maDM43NL._AC_UL320_.jpg,https://www.amazon.eg/dp/B091D5SNV1,2026-05-09T05:57:32.353941
amazon,B09N3L2WHH,Product B09N3L2WHH,"Ergocar Teepee Child Girl, Princess Tent Indoor Dream Castle, Boy's Cabin Child Outdoor, with Colourful Balls & Star Lights, Large Garden Tent, Birthday Gifts",Industrial,"EGP 1,200.00","EGP 1,231.00",,4.4,(513),In Stock,https://m.media-amazon.com/images/I/61Z+7oo2F2L._AC_UL320_.jpg,https://www.amazon.eg/dp/B09N3L2WHH,2026-05-09T05:57:32.357749
amazon,B0FJG26QGQ,Product B0FJG26QGQ,SOKANY SK-13043 2 * 1 2000,Industrial,"EGP 1,999.00","EGP 2,188.00",,2.8,(9),In Stock,https://m.media-amazon.com/images/I/41OgpLOpzPL._AC_UL320_.jpg,https://www.amazon.eg/dp/B0FJG26QGQ,2026-05-09T05:57:32.362343
amazon,B00B80JEGC,Product B00B80JEGC,Beurer pulse oximeter with heart rate monitor - po30,Industrial,"EGP 1,950.00",,,4.6,(20.8K),In Stock,https://m.media-amazon.com/images/I/61tEkh79lKL._AC_UL320_.jpg,https://www.amazon.eg/dp/B00B80JEGC,2026-05-09T05:57:32.365190
amazon,B0CQYXGYTY,Product B0CQYXGYTY,SOKANY SK-08031 4 1500,Industrial,"EGP 1,549.00","EGP 1,646.65",,3.9,(19),In Stock,https://m.media-amazon.com/images/I/61KmcdsFb4L._AC_UL320_.jpg,https://www.amazon.eg/dp/B0CQYXGYTY,2026-05-09T05:57:32.369083
amazon,B0FDNJ4MD2,Product B0FDNJ4MD2,طقم تقديم 33 قطع عملي أنيق ومناسب لكل فره خامه عالية الجودة AR,Industrial,"EGP 1,010.00",,,3.4,(51),In Stock,https://m.media-amazon.com/images/I/61Pjz66v1cL._AC_UL320_.jpg,https://www.amazon.eg/dp/B0FDNJ4MD2,2026-05-09T05:57:32.372276
amazon,B0DWTFQ4VX,Product B0DWTFQ4VX,CROWN CTC-A150 150 Kg Portable Folding Metal Hand Platform Trolley Hand Truck with 360° Rotating & Locking Wheels for Home & Warehouse Use BY CIRCLE TOOLS,Industrial,"EGP 1,915.00",,,4.5,(33),In Stock,https://m.media-amazon.com/images/I/51IhRJYqjAL._AC_UL320_.jpg,https://www.amazon.eg/dp/B0DWTFQ4VX,2026-05-09T05:57:32.375552
amazon,B0DGPXC6XV,Product B0DGPXC6XV,"Neoflam High Carbon Stainless Steel Knife Set 6-Pieces, Silver",Industrial,"EGP 1,398.99",,,4.4,(21),In Stock,https://m.media-amazon.com/images/I/51RohGRwhxL._AC_UL320_.jpg,https://www.amazon.eg/dp/B0DGPXC6XV,2026-05-09T05:57:32.378838
amazon,B0D9693TBD,Product B0D9693TBD,water hose 1/2 inche 50 m 15 bar 3 layers خرطÙˆÙ… Ù…ÙŠاÙ‡ Ù†ص بÙˆصة 3 طبÙ‚ات italy by circle tools,Industrial,"EGP 1,070.66",,,4.2,(79),In Stock,https://m.media-amazon.com/images/I/61c-fdOnrAL._AC_UL320_.jpg,https://www.amazon.eg/dp/B0D9693TBD,2026-05-09T05:57:32.382112
amazon,B0CBK8L5PK,Product B0CBK8L5PK,Bosch professional angle grinder - GWS 700 Bundle,Industrial,"EGP 1,500.00",,,4.5,(317),In Stock,https://m.media-amazon.com/images/I/61ZrXB5LBkL._AC_UL320_.jpg,https://www.amazon.eg/dp/B0CBK8L5PK,2026-05-09T05:57:32.385555
amazon,B0FNCVR7Q3,Product B0FNCVR7Q3,Cordless Vacuum Cleaner 2-in-1 – for Car & Home – Powerful Suction & Extraction – Portable Light with HEPA Filters & Multiple Heads,Industrial,"EGP 1,450.00",,,3.3,(14),In Stock,https://m.media-amazon.com/images/I/41empPlWc5L._AC_UL320_.jpg,https://www.amazon.eg/dp/B0FNCVR7Q3,2026-05-09T05:57:32.389216
amazon,B0C62GLYT7,Product B0C62GLYT7,Safeer Karnak Garbage Bin 240 L With Lid And Wheels - Black And Blue,Industrial,"EGP 1,380.00",,,4.3,(41),In Stock,https://m.media-amazon.com/images/I/41yjO0+rlAL._AC_UL320_.jpg,https://www.amazon.eg/dp/B0C62GLYT7,2026-05-09T05:57:32.392872
amazon,B09KBPD6B2,Product B09KBPD6B2,"Ingco Id6808 Percussion Drill 680 watts Professional Screwdriver Chuck Reversible Variable Speed, 2.03 Kilograms, Yellow, Grey",Industrial,"EGP 1,083.58","EGP 1,188.00",,4.0,(205),In Stock,https://m.media-amazon.com/images/I/61CAvHnBE8L._AC_UL320_.jpg,https://www.amazon.eg/dp/B09KBPD6B2,2026-05-09T05:57:32.396658
amazon,B09SGCKBRZ,Product B09SGCKBRZ,Yasine plastic bug racquet - assorted colors,Garden & Outdoors,EGP 13.68,,,4.1,(160),In Stock,https://m.media-amazon.com/images/I/51QMQayRDYL._AC_UL320_.jpg,https://www.amazon.eg/dp/B09SGCKBRZ,2026-05-09T06:01:37.819568
amazon,B085P5NY9H,Product B085P5NY9H,"Raid flying insects keller, 400 ml",Garden & Outdoors,EGP 104.95,EGP 111.00,,4.4,(507),In Stock,https://m.media-amazon.com/images/I/71im4wgf1IL._AC_UL320_.jpg,https://www.amazon.eg/dp/B085P5NY9H,2026-05-09T06:01:37.823074
amazon,B07G9K1R2R,Product B07G9K1R2R,Raid Mosquitoes Liquid Killer With Holder,Garden & Outdoors,EGP 148.99,,,4.2,(776),In Stock,https://m.media-amazon.com/images/I/81kt+9mSKQL._AC_UL320_.jpg,https://www.amazon.eg/dp/B07G9K1R2R,2026-05-09T06:01:37.826002
amazon,B0882X6KH7,Product B0882X6KH7,Raid Flying Insect Killer Odorless 300 ML,Garden & Outdoors,EGP 94.95,,,4.3,(271),In Stock,https://m.media-amazon.com/images/I/71+ONlwrMKL._AC_UL320_.jpg,https://www.amazon.eg/dp/B0882X6KH7,2026-05-09T06:01:37.828970
amazon,B08Y8YVHRG,Product B08Y8YVHRG,Touch plastic water spray - assorted colors,Garden & Outdoors,EGP 50.16,,,4.0,(588),In Stock,https://m.media-amazon.com/images/I/51Pa7ZXYQiL._AC_UL320_.jpg,https://www.amazon.eg/dp/B08Y8YVHRG,2026-05-09T06:01:37.832718
amazon,B0DGF8V7FL,Product B0DGF8V7FL,Petmos Ready Petmos Soil 5kg Pack (Premium Quality Petmos Blend - Fertility Fertility Vermicomos) Ready for Planting | Rich Soil Ideal for All Types of Plants and Seedlings,Garden & Outdoors,EGP 185.00,,,4.1,(176),In Stock,https://m.media-amazon.com/images/I/61dNk0UxiQL._AC_UL320_.jpg,https://www.amazon.eg/dp/B0DGF8V7FL,2026-05-09T06:01:37.836434
amazon,B08K3LSRV1,Product B08K3LSRV1,"Yibaijia 2PCS Large Plastic Plant Water Spray Bottle, 500ml Empty Spray Bottle for Cleaning Watering Gardening Plants (Pink, Blue)",Garden & Outdoors,EGP 60.00,,,4.0,(1.1K),In Stock,https://m.media-amazon.com/images/I/61b5Tk6auCL._AC_UL320_.jpg,https://www.amazon.eg/dp/B08K3LSRV1,2026-05-09T06:01:37.840254
amazon,B0BMWW67VQ,Product B0BMWW67VQ,"YSEVIC 3000V Electric Fly Swatter with 2 Modes Mosquito Killer and Rechargeable Purple Light for Home, Office, Backyard, and Camping",Garden & Outdoors,EGP 252.45,EGP 300.00,,2.8,(12.4K),In Stock,https://m.media-amazon.com/images/I/710fbQFhfBL._AC_UL320_.jpg,https://www.amazon.eg/dp/B0BMWW67VQ,2026-05-09T06:01:37.843726
amazon,B0FDB9FJXD,Product B0FDB9FJXD,Off! Aerosol Mosquito Repellent 180ml,Garden & Outdoors,EGP 211.00,,,4.4,(50),In Stock,https://m.media-amazon.com/images/I/41FBP+1dcKL._AC_UL320_.jpg,https://www.amazon.eg/dp/B0FDB9FJXD,2026-05-09T06:01:37.847600
amazon,B0D7W2WWQP,Product B0D7W2WWQP,Mosquito Racket Bat Rechargeable Electric Fly Swatter Mosquito Racket Bat with Base Stand Bug Zapper Racket Mosquito Swatter for Indoor and Outdoor,Garden & Outdoors,EGP 399.00,,,3.0,(31),In Stock,https://m.media-amazon.com/images/I/71LuxSJbYPL._AC_UL320_.jpg,https://www.amazon.eg/dp/B0D7W2WWQP,2026-05-09T06:01:37.850489
amazon,B09SSX4FB3,Product B09SSX4FB3,"Lulu Home 2-in-1 Electric Bug Zapper Racket, USB Charging Portable Fly Killer Racquet for Indoor Outdoor Use",Garden & Outdoors,EGP 364.00,,,4.0,(1.4K),In Stock,https://m.media-amazon.com/images/I/71pl8zHZktL._AC_UL320_.jpg,https://www.amazon.eg/dp/B09SSX4FB3,2026-05-09T06:01:37.853635
amazon,B077QZWDQ2,Product B077QZWDQ2,"Multipurpose Charcoal Starter Coal Burner for BBQ, Hookah, Shisha - Electric Burner, Stainless Steel, Porcelain Coating, Fast Heating Technology Plus Free Charcoal Tongs",Garden & Outdoors,EGP 250.75,EGP 458.28,,3.4,(1.2K),In Stock,https://m.media-amazon.com/images/I/51pu3L-SDIL._AC_UL320_.jpg,https://www.amazon.eg/dp/B077QZWDQ2,2026-05-09T06:01:37.858034
amazon,B0DFVQGRKW,Product B0DFVQGRKW,Generic Best Ready Potting Soil Perfect Mix for Planting (Vermi Compost - Petmos - Perlite - Vermiculite) 5kg,Garden & Outdoors,EGP 185.00,,,4.1,(96),In Stock,https://m.media-amazon.com/images/I/71USiPZyzAL._AC_UL320_.jpg,https://www.amazon.eg/dp/B0DFVQGRKW,2026-05-09T06:01:37.861346
amazon,B0994Q8PG1,Product B0994Q8PG1,Winner Plast Fly Swatter - Assorted colors,Garden & Outdoors,EGP 13.68,,,3.9,(97),In Stock,https://m.media-amazon.com/images/I/51GQr4+RGkS._AC_UL320_.jpg,https://www.amazon.eg/dp/B0994Q8PG1,2026-05-09T06:01:37.864186
amazon,B013LZIZ3O,Product B013LZIZ3O,Raid Mosquito Repellent Mats - 60 Mats,Garden & Outdoors,EGP 157.00,,,4.2,(472),In Stock,https://m.media-amazon.com/images/I/81Im0Qd+DnL._AC_UL320_.jpg,https://www.amazon.eg/dp/B013LZIZ3O,2026-05-09T06:01:37.867603
amazon,B07NDN68S7,Product B07NDN68S7,Portal MT Bamboo Skewers for Grilling - 30 cm - Pack May Vary,Garden & Outdoors,EGP 24.88,,,3.9,(304),In Stock,https://m.media-amazon.com/images/I/61kLixVObnL._AC_UL320_.jpg,https://www.amazon.eg/dp/B07NDN68S7,2026-05-09T06:01:37.871003
amazon,B0FFDY7TRH,Product B0FFDY7TRH,"Petmos 6L Fertilized Soil Mix - Perfect Ready to Plant Mix (Pitmoss, Vermiculite, Perlite, Vermi Compost, Humic, Volvic, Biochar Bio Charcoal) for Healthy Growth and Strong Plants - 2 kg",Garden & Outdoors,EGP 95.00,,,4.7,(17),In Stock,https://m.media-amazon.com/images/I/41YuTaKtOdL._AC_UL320_.jpg,https://www.amazon.eg/dp/B0FFDY7TRH,2026-05-09T06:01:37.874414
amazon,B09HGQHWJR,Product B09HGQHWJR,"Total 5 PCS Hose Quick Connectors Set with Twist Spray Nozzle, ABS Material THHCS05122",Garden & Outdoors,EGP 129.00,EGP 134.00,,4.4,(948),In Stock,https://m.media-amazon.com/images/I/71ox4axIazL._AC_UL320_.jpg,https://www.amazon.eg/dp/B09HGQHWJR,2026-05-09T06:01:37.878955
amazon,B0CWYTRSP3,Product B0CWYTRSP3,"Total Water Sprayer, 2 Liter Capacity, Multicolor",Garden & Outdoors,EGP 350.00,,,4.1,(396),In Stock,https://m.media-amazon.com/images/I/61q8hRvkdnL._AC_UL320_.jpg,https://www.amazon.eg/dp/B0CWYTRSP3,2026-05-09T06:01:37.882826
amazon,B0D66YPPY3,Product B0D66YPPY3,BBQ Natural Charcoal,Garden & Outdoors,EGP 239.00,,,4.3,(79),In Stock,https://m.media-amazon.com/images/I/51BBt+NADAL._AC_UL320_.jpg,https://www.amazon.eg/dp/B0D66YPPY3,2026-05-09T06:01:37.886666
amazon,B07G9MGN2X,Product B07G9MGN2X,"Raid Liquid Mosquito Repellent Refill, Neutral Scent, 41ml",Garden & Outdoors,EGP 160.00,,,4.4,(904),In Stock,https://m.media-amazon.com/images/I/61rnQXOycXL._AC_UL320_.jpg,https://www.amazon.eg/dp/B07G9MGN2X,2026-05-09T06:01:37.889545
amazon,B0C7X8BT9H,Product B0C7X8BT9H,"Bug Zapper - Insect Killer, Mosquito Killer, Fly Swatter, Fly Killer, Bug Killer, Mosquitoes Lamp (Assorted Color) From R&J",Garden & Outdoors,EGP 52.00,,,2.0,(148),In Stock,https://m.media-amazon.com/images/I/61F5yawW7GL._AC_UL320_.jpg,https://www.amazon.eg/dp/B0C7X8BT9H,2026-05-09T06:01:37.892430
amazon,B097QLGNXW,Product B097QLGNXW,"Zain Fert Fertilizer 20/20/20, te Npk 1000g",Garden & Outdoors,EGP 385.00,EGP 0.39,,4.5,(317),In Stock,https://m.media-amazon.com/images/I/61roFFGLNsL._AC_UL320_.jpg,https://www.amazon.eg/dp/B097QLGNXW,2026-05-09T06:01:37.895803
amazon,B0B5SH72ZC,Product B0B5SH72ZC,Catch Fly Fly Fly Trap with Pheromone (2 Traps + 2 Pack),Garden & Outdoors,EGP 265.00,,,3.6,(17),In Stock,https://m.media-amazon.com/images/I/61n5p8piD4L._AC_UL320_.jpg,https://www.amazon.eg/dp/B0B5SH72ZC,2026-05-09T06:01:37.898993
amazon,B0CJQ3RRJG,Product B0CJQ3RRJG,"Rahala Expandable Laptop Backpack 27L for Men & Women – Waterproof Multi-Purpose Backpack with USB Port & Anti-Theft Design – Fits 17 Inch Laptop – RAL2201, BlacK",Mobile Phones,"EGP 1,250.00","EGP 1,299.00",,4.6,(223),In Stock,https://m.media-amazon.com/images/I/81P00kr9vKL._AC_UL320_.jpg,https://www.amazon.eg/dp/B0CJQ3RRJG,2026-05-09T05:57:02.718056
amazon,B09QQT41TP,Product B09QQT41TP,Dercos Anti-Dandruff Shampoo Oily 200Ml,Beauty,,,,4.6,(704),In Stock,https://m.media-amazon.com/images/I/714uXn5lnLL._AC_UL320_.jpg,https://www.amazon.eg/dp/B09QQT41TP,2026-05-09T05:54:59.766258
amazon,B08XKX1WJ8,Product B08XKX1WJ8,L’Oréal Paris L'Oréal Paris Hyaluron Expert Serum with Hyaluronic Acid - 30 ml,Beauty,,,,4.3,(3.3K),In Stock,https://m.media-amazon.com/images/I/51CpzXjr76L._AC_UL320_.jpg,https://www.amazon.eg/dp/B08XKX1WJ8,2026-05-09T05:54:59.775187
amazon,B08FS4W62Y,Product B08FS4W62Y,"Garnier Ultra Doux Smoothing Coconut 3-in-1 Hair Food For Frizzy Hair, 390 ml",Beauty,,,,4.2,(1.4K),In Stock,https://m.media-amazon.com/images/I/51x8uEW0snL._AC_UL320_.jpg,https://www.amazon.eg/dp/B08FS4W62Y,2026-05-09T05:54:59.777433
amazon,B0D5FCN5QP,Product B0D5FCN5QP,Cerave Oil Control Moisturising Gel-Cream,Beauty,EGP 591.00,EGP 716.00,,4.5,(1.2K),In Stock,https://m.media-amazon.com/images/I/618wPz3BRSL._AC_UL320_.jpg,https://www.amazon.eg/dp/B0D5FCN5QP,2026-05-09T05:54:59.796037
amazon,B0CFW2G9WL,Product B0CFW2G9WL,Maa Althahab Freshie R183 Strong With You Eau De Parfum For Men 50ml,Beauty,EGP 500.00,,,3.8,(154),In Stock,https://m.media-amazon.com/images/I/41EuSdbwXHL._AC_UL320_.jpg,https://www.amazon.eg/dp/B0CFW2G9WL,2026-05-09T05:54:59.799357
amazon,B0B3DQ2655,Product B0B3DQ2655,Capixy Hair Fertlizer Intense Tonic Spray 125 Ml,Beauty,EGP 527.00,,,3.5,(75),In Stock,https://m.media-amazon.com/images/I/41qmL-jO3oL._AC_UL320_.jpg,https://www.amazon.eg/dp/B0B3DQ2655,2026-05-09T05:54:59.802686
amazon,B07R38J1VD,Product B07R38J1VD,Kemei km-1910 eyebrow and beard trimmer for men works wet and dry,Beauty,EGP 504.00,EGP 710.00,,3.9,(214),In Stock,https://m.media-amazon.com/images/I/71XCtSO4OLL._AC_UL320_.jpg,https://www.amazon.eg/dp/B07R38J1VD,2026-05-09T05:54:59.806990
amazon,B0CB4ZC9QY,Product B0CB4ZC9QY,VGR V-282 Professional Hair Shaver Clipper Rechargeable Cordless Hair Trimmer Hair Cutting Machine Electric Shaving Machine for Men,Beauty,EGP 730.00,EGP 761.95,,4.3,(122),In Stock,https://m.media-amazon.com/images/I/71rOKQD6HVL._AC_UL320_.jpg,https://www.amazon.eg/dp/B0CB4ZC9QY,2026-05-09T05:54:59.810801
amazon,B0CJ5GW8RY,Product B0CJ5GW8RY,"L’Oréal Paris Volume Million Lashes Panorama Mascara In Black, 9.9 Ml",Beauty,EGP 747.05,,,4.3,(8.5K),In Stock,https://m.media-amazon.com/images/I/5132UTlzLVL._AC_UL320_.jpg,https://www.amazon.eg/dp/B0CJ5GW8RY,2026-05-09T05:54:59.817404
amazon,B0C5QLT4X7,Product B0C5QLT4X7,"KEMEI 2299 Trimmer Professional Cordless Hair Clipper for Men Electric Beard Trimmers Barber Hair Cuttings Kit, Zero Gapped T Blade Trimmers for Men, KM-2299",Beauty,EGP 618.12,EGP 850.00,,4.2,(2K),In Stock,https://m.media-amazon.com/images/I/61B0O78RKZL._AC_UL320_.jpg,https://www.amazon.eg/dp/B0C5QLT4X7,2026-05-09T05:54:59.821665
amazon,B004CCSKCW,Product B004CCSKCW,INTUITION Schick Sensitive Care Razor for Women with 2 Moisturising Razor Blade Refills with Natural Aloe Schick,Beauty,EGP 548.52,,,4.6,(9.8K),In Stock,https://m.media-amazon.com/images/I/61h9pf4UoGL._AC_UL320_.jpg,https://www.amazon.eg/dp/B004CCSKCW,2026-05-09T05:54:59.825059
amazon,B094DHJ3X3,Product B094DHJ3X3,"L’Oréal Professionnel | Absolut Repair Shampoo | For dry & damaged hair | Repairs & Hydrates Dry, Damaged Hair |With Gold Quinoa & Protein | SERIE EXPERT | 300ml",Beauty,EGP 705.53,EGP 810.67,,4.3,(3.3K),In Stock,https://m.media-amazon.com/images/I/61uPKlIbBsL._AC_UL320_.jpg,https://www.amazon.eg/dp/B094DHJ3X3,2026-05-09T05:54:59.828872
amazon,B091J45TB9,Product B091J45TB9,Max 9933 Hair Dryer 3000W,Beauty,EGP 648.00,,,4.3,(361),In Stock,https://m.media-amazon.com/images/I/712uHKF8C1L._AC_UL320_.jpg,https://www.amazon.eg/dp/B091J45TB9,2026-05-09T05:54:59.833015
amazon,B08L16MRN5,Product B08L16MRN5,Beesline Whitening Roll-On Deodorant Invisible Touch 48h Protection (1+1) Promo Pack - 50 ml,Beauty,EGP 568.74,,,4.4,(851),In Stock,https://m.media-amazon.com/images/I/41w6v7DeDvL._AC_UL320_.jpg,https://www.amazon.eg/dp/B08L16MRN5,2026-05-09T05:54:59.836361
amazon,B0FV2XKRF2,Product B0FV2XKRF2,Dermaelle Glycotoner Glycolic Acid Toner 350 ml,Beauty,,,,4.1,(13),In Stock,https://m.media-amazon.com/images/I/61FOd6xVdhL._AC_UL320_.jpg,https://www.amazon.eg/dp/B0FV2XKRF2,2026-05-09T05:54:59.838591
amazon,B0BR27K3MH,Product B0BR27K3MH,Beesline Whitening Roll On Deodorant Super Dry Powder Soft 72h Protection (1+1) Promo Pack - 50 ml,Beauty,EGP 517.31,EGP 550.00,,4.2,(72),In Stock,https://m.media-amazon.com/images/I/41Hm73SjoGL._AC_UL320_.jpg,https://www.amazon.eg/dp/B0BR27K3MH,2026-05-09T05:54:59.842254
amazon,B00DMAWP94,Product B00DMAWP94,Deo Red Roll-On 50Ml,Beauty,,,,4.5,(5.2K),In Stock,https://m.media-amazon.com/images/I/61BbchdbXBL._AC_UL320_.jpg,https://www.amazon.eg/dp/B00DMAWP94,2026-05-09T05:54:59.844491
amazon,B0959QJFD3,Product B0959QJFD3,"L’Oréal Professionnel Anti-Yellowing Hair Shampoo for White, Grey and Bleached Hair, Violet Pigments, Serie Expert, Silver Shampoo, 300 ml",Beauty,EGP 684.20,EGP 810.67,,4.5,(2.9K),In Stock,https://m.media-amazon.com/images/I/41QUB1UHm5L._AC_UL320_.jpg,https://www.amazon.eg/dp/B0959QJFD3,2026-05-09T05:54:59.848794
amazon,B0DC5DYDHL,Product B0DC5DYDHL,Capixy Anti Hair Loss Vials 70Ml,Beauty,EGP 729.99,EGP 961.00,,3.8,(29),In Stock,https://m.media-amazon.com/images/I/41cTMmt1LHL._AC_UL320_.jpg,https://www.amazon.eg/dp/B0DC5DYDHL,2026-05-09T05:54:59.852659
amazon,B000TV9RW2,Product B000TV9RW2,Avene Cleanance Gel Tube 200Ml,Beauty,EGP 544.30,EGP 739.00,,4.6,(3.4K),In Stock,https://m.media-amazon.com/images/I/6134lR8vnvL._AC_UL320_.jpg,https://www.amazon.eg/dp/B000TV9RW2,2026-05-09T05:54:59.856930
amazon,B0GXL7DGW2,Product B0GXL7DGW2,"VGR Super Trim 2 in 1 Full Body Hair Trimmer and Shaver, V-361, USB Charging, IPX6 Waterproof, LED Display, 500mAh Lithium Battery",Beauty,EGP 900.00,,,,EGP 900.00EGP900.00,In Stock,https://m.media-amazon.com/images/I/61rW-qopvEL._AC_UL320_.jpg,https://www.amazon.eg/dp/B0GXL7DGW2,2026-05-09T05:54:59.859843
amazon,B0BTZ6PBX7,Product B0BTZ6PBX7,"Igea Collacogen, Box of 30 sachets",Beauty,EGP 679.75,EGP 699.00,,4.4,(146),In Stock,https://m.media-amazon.com/images/I/71HtvzHFt-L._AC_UL320_.jpg,https://www.amazon.eg/dp/B0BTZ6PBX7,2026-05-09T05:54:59.864126
amazon,B01CT3FRXK,Product B01CT3FRXK,"Gillette Venus & Olay women's razor blade refills, 4 count",Beauty,EGP 642.00,EGP 781.00,,4.6,(500),In Stock,https://m.media-amazon.com/images/I/71-J7VzSgHL._AC_UL320_.jpg,https://www.amazon.eg/dp/B01CT3FRXK,2026-05-09T05:54:59.868391
amazon,B01MSXH2BO,Product B01MSXH2BO,"Eucerin Face Sunscreen Even Pigment Perfector Hyperpigmentation Sun Fluid with Thiamidol, High UVA/UVB Protection, SPF 50+, Reduces Dark Spots, For All Skin Types, 50ml",Beauty,EGP 929.01,EGP 989.00,,4.5,(1.2K),In Stock,https://m.media-amazon.com/images/I/61CfX+NWxnL._AC_UL320_.jpg,https://www.amazon.eg/dp/B01MSXH2BO,2026-05-09T05:54:59.872228
amazon,B09NQG78ND,Product B09NQG78ND,Maybelline New York Super Stay Vinyl Ink 35 Cheeky 5.4 Ml,Beauty,EGP 519.01,EGP 690.00,,4.4,(5.8K),In Stock,https://m.media-amazon.com/images/I/41N7HjR5xJL._AC_UL320_.jpg,https://www.amazon.eg/dp/B09NQG78ND,2026-05-09T05:54:59.876065
amazon,B0CWPCX1D2,Product B0CWPCX1D2,AXIS-Y Vegan Collagen Eye Serum 10ml,Beauty,EGP 820.00,"EGP 1,185.00",,4.4,(3.1K),In Stock,https://m.media-amazon.com/images/I/61ZLWF8fOzL._AC_UL320_.jpg,https://www.amazon.eg/dp/B0CWPCX1D2,2026-05-09T05:54:59.879885
amazon,B08P4YPB8Q,Product B08P4YPB8Q,Maybelline New York Black Mascara For Extremely Long Eyelashes Lash Sensational Sky High Mascara Very Black 7.2Ml,Beauty,EGP 527.84,EGP 585.00,,3.8,(34.5K),In Stock,https://m.media-amazon.com/images/I/61JCtpKCnhL._AC_UL320_.jpg,https://www.amazon.eg/dp/B08P4YPB8Q,2026-05-09T05:54:59.884378
amazon,B09YJ1TNZ9,Product B09YJ1TNZ9,Frida Shower gel Sun Shine 3 Liters,Beauty,,,,4.6,(125),In Stock,https://m.media-amazon.com/images/I/71lM3wwGXRL._AC_UL320_.jpg,https://www.amazon.eg/dp/B09YJ1TNZ9,2026-05-09T05:54:59.886621
amazon,B00449W12S,Product B00449W12S,"Cantu Shea Butter Leave-In Conditioning Repair Cream, 16 Ounce",Beauty,EGP 521.00,EGP 680.00,,4.4,(21.9K),In Stock,https://m.media-amazon.com/images/I/71hl9yyi9BL._AC_UL320_.jpg,https://www.amazon.eg/dp/B00449W12S,2026-05-09T05:54:59.890916
amazon,B0C2ZD76TC,Product B0C2ZD76TC,"Eucerin Sunscreen Hydro Protect Face Ultra Light Fluid, High UVA/UVB Protection, SPF 50+, Suitable for Daily Use, Non sticky, Non Greasy, Suitable for All Skin Types, 50ml",Beauty,EGP 943.90,,,4.5,(234),In Stock,https://m.media-amazon.com/images/I/71EJZMCfnlL._AC_UL320_.jpg,https://www.amazon.eg/dp/B0C2ZD76TC,2026-05-09T05:54:59.894652
amazon,B000FQNPD8,Product B000FQNPD8,"Fino Shiseido Premium Hair Mask with Touch Essence, 230 g, Pack of 1",Beauty,EGP 881.90,"EGP 1,352.90",,4.3,(2.6K),In Stock,https://m.media-amazon.com/images/I/61mhN18ClsL._AC_UL320_.jpg,https://www.amazon.eg/dp/B000FQNPD8,2026-05-09T05:54:59.898902
amazon,B0D288GDWX,Product B0D288GDWX,Vgr V-109 Waterproof Ipx6 6 In 1 Professional Set Hair Beard Trimmer Clipper Shaver Nose Trimmer Mesin Gunting Rambut,Beauty,EGP 875.00,,,4.3,(129),In Stock,https://m.media-amazon.com/images/I/71JQPzHwO8L._AC_UL320_.jpg,https://www.amazon.eg/dp/B0D288GDWX,2026-05-09T05:54:59.902223
amazon,B0CK85LKF5,Product B0CK85LKF5,L’Oréal Paris Elvive Fall Resist Hair Serum For Weak Hair and Hair Fall 102ML,Beauty,EGP 659.53,,,4.1,(601),In Stock,https://m.media-amazon.com/images/I/61u3bPkhsDL._AC_UL320_.jpg,https://www.amazon.eg/dp/B0CK85LKF5,2026-05-09T05:54:59.905521
amazon,B07Q2R45XG,Product B07Q2R45XG,Normaderm Gel 200Ml,Beauty,,,,4.5,(3.8K),In Stock,https://m.media-amazon.com/images/I/61Xg8ArQ8UL._AC_UL320_.jpg,https://www.amazon.eg/dp/B07Q2R45XG,2026-05-09T05:54:59.907761
amazon,B0F8X5L98K,Product B0F8X5L98K,Sheglam Buttery Bliss Blush Stick - Love Cake- 6G,Beauty,,,,4.3,(50),In Stock,https://m.media-amazon.com/images/I/51EUhdrIZgL._AC_UL320_.jpg,https://www.amazon.eg/dp/B0F8X5L98K,2026-05-09T05:54:59.910007
amazon,B0BHBSJ2WR,Product B0BHBSJ2WR,"VGR V-107 Professional 11in1 IPX6 Washable Grooming Kit Trimmer for Men, 150 min Runtime (Silver, Black)",Beauty,EGP 725.50,,,3.8,(48),In Stock,https://m.media-amazon.com/images/I/61rRoSboPJL._AC_UL320_.jpg,https://www.amazon.eg/dp/B0BHBSJ2WR,2026-05-09T05:54:59.913720
amazon,B01BL871A6,Product B01BL871A6,Mustela Gentle Baby Shampoo - for normal skin - 200ml,Beauty,EGP 589.00,EGP 630.00,,4.8,(1.4K),In Stock,https://m.media-amazon.com/images/I/51llLcC45YL._AC_UL320_.jpg,https://www.amazon.eg/dp/B01BL871A6,2026-05-09T05:54:59.917734
